character,category,scraped_name,species_key,base_form_name,keep
Aaron,elite4,Beautifly,Beautifly,Wurmple,Y
Aaron,elite4,Drapion,Drapion,Skorupi,Y
Aaron,elite4,Dustox,Dustox,Wurmple,Y
Aaron,elite4,Flygon,Flygon,Trapinch,Y
Aaron,elite4,Heracross,Heracross,Heracross,Y
Aaron,elite4,Scizor,Scizor,Scyther,Y
Aaron,elite4,Skorupi,Skorupi,Skorupi,Y
Aaron,elite4,Stunky,Stunky,Stunky,Y
Aaron,elite4,Vespiquen,Vespiquen,Combee,Y
Aaron,elite4,Wurmple,Wurmple,Wurmple,Y
Aaron,elite4,Yanmega,Yanmega,Yanma,Y
Acerola,elite4,Banette,Banette,Shuppet,Y
Acerola,elite4,Dhelmise,Dhelmise,Dhelmise,Y
Acerola,elite4,Drifblim,Drifblim,Drifloon,Y
Acerola,elite4,Froslass,Froslass,Snorunt,Y
Acerola,elite4,Gengar,Gengar,Gastly,Y
Acerola,elite4,Jellicent,Jellicent,Frillish,Y
Acerola,elite4,Mimikyu,Mimikyu,Mimikyu,Y
Acerola,elite4,Palossand,Palossand,Sandygast,Y
Acerola,elite4,Sableye,Sableye,Sableye,Y
Acerola,elite4,Sandygast,Sandygast,Sandygast,Y
Acerola,elite4,Shuppet,Shuppet,Shuppet,Y
Acerola,elite4,Tapu Bulu,Tapu Bulu,Tapu Bulu,Y
Adaman,rival,Eevee,Eevee,Eevee,Y
Adaman,rival,Leafeon,Leafeon,Eevee,Y
Adaman,rival,Umbreon,Umbreon,Eevee,Y
Adaman,rival,Vaporeon,Vaporeon,Eevee,Y
Agatha,elite4,Alakazam,Alakazam,Abra,Y
Agatha,elite4,Arbok,Arbok,Ekans,Y
Agatha,elite4,Crobat,Crobat,Zubat,Y
Agatha,elite4,Gastly,Gastly,Gastly,Y
Agatha,elite4,Gengar,Gengar,Gastly,Y
Agatha,elite4,Golbat,Golbat,Zubat,Y
Agatha,elite4,Gyarados,Gyarados,Magikarp,Y
Agatha,elite4,Haunter,Haunter,Gastly,Y
Agatha,elite4,Jynx,Jynx,Smoochum,Y
Agatha,elite4,Marowak,Marowak,Cubone,Y
Agatha,elite4,Misdreavus,Misdreavus,Misdreavus,Y
Agatha,elite4,Muk,Muk,Grimer,Y
Agatha,elite4,Venusaur,Venusaur,Bulbasaur,Y
Agatha,elite4,Weezing,Weezing,Koffing,Y
Akari,protagonist,Clefairy,Clefairy,Cleffa,Y
Akari,protagonist,Empoleon,Empoleon,Piplup,Y
Akari,protagonist,Infernape,Infernape,Chimchar,Y
Akari,protagonist,Mr. Mime,Mr. Mime,Mime Jr.,Y
Akari,protagonist,Pikachu,Pikachu,Pichu,Y
Akari,protagonist,Staraptor,Staraptor,Starly,Y
Akari,protagonist,Torterra,Torterra,Turtwig,Y
Alain,anime,Bisharp,Bisharp,Pawniard,Y
Alain,anime,Charizard,Charizard,Charmander,Y
Alain,anime,Chesnaught,Chesnaught,Chespin,Y
Alain,anime,Malamar,Malamar,Inkay,Y
Alain,anime,Metagross,Metagross,Beldum,Y
Alain,anime,Metang,Metang,Beldum,Y
Alain,anime,Tyranitar,Tyranitar,Larvitar,Y
Alain,anime,Unfezant,Unfezant,Pidove,Y
Alain,anime,Weavile,Weavile,Sneasel,Y
Alder,champion,Accelgor,Accelgor,Shelmet,Y
Alder,champion,Bouffalant,Bouffalant,Bouffalant,Y
Alder,champion,Braviary,Braviary,Rufflet,Y
Alder,champion,Chandelure,Chandelure,Litwick,Y
Alder,champion,Conkeldurr,Conkeldurr,Timburr,Y
Alder,champion,Druddigon,Druddigon,Druddigon,Y
Alder,champion,Escavalier,Escavalier,Karrablast,Y
Alder,champion,Krookodile,Krookodile,Sandile,Y
Alder,champion,Reuniclus,Reuniclus,Solosis,Y
Alder,champion,Vanilluxe,Vanilluxe,Vanillite,Y
Alder,champion,Volcarona,Volcarona,Larvesta,Y
Allister,gymleader,Chandelure,Chandelure,Litwick,Y
Allister,gymleader,Cursola,Cursola,Corsola,Y
Allister,gymleader,Drakloak,Drakloak,Dreepy,Y
Allister,gymleader,Dreepy,Dreepy,Dreepy,Y
Allister,gymleader,Dusknoir,Dusknoir,Duskull,Y
Allister,gymleader,Gastly,Gastly,Gastly,Y
Allister,gymleader,Gengar,Gengar,Gastly,Y
Allister,gymleader,Gourgeist,Gourgeist,Pumpkaboo,Y
Allister,gymleader,Haunter,Haunter,Gastly,Y
Allister,gymleader,Mimikyu,Mimikyu,Mimikyu,Y
Allister,gymleader,Polteageist,Polteageist,Sinistea,Y
Allister,gymleader,Runerigus,Runerigus,Yamask,Y
Allister,gymleader,Sinistea,Sinistea,Sinistea,Y
Allister,gymleader,Yamask,Yamask,Yamask,Y
Anabel,frontier,Alakazam,Alakazam,Abra,Y
Anabel,frontier,Entei,Entei,Entei,Y
Anabel,frontier,Espeon,Espeon,Eevee,Y
Anabel,frontier,Latios,Latios,Latios,Y
Anabel,frontier,Lucario,Lucario,Riolu,Y
Anabel,frontier,Metagross,Metagross,Beldum,Y
Anabel,frontier,Mismagius,Mismagius,Misdreavus,Y
Anabel,frontier,Raikou,Raikou,Raikou,Y
Anabel,frontier,Salamence,Salamence,Bagon,Y
Anabel,frontier,Snorlax,Snorlax,Munchlax,Y
Anabel,frontier,Weavile,Weavile,Sneasel,Y
Archer,villain,Crobat,Crobat,Zubat,Y
Archer,villain,Electrode,Electrode,Voltorb,Y
Archer,villain,Golbat,Golbat,Zubat,Y
Archer,villain,Houndoom,Houndoom,Houndour,Y
Archer,villain,Houndour,Houndour,Houndour,Y
Archer,villain,Hypno,Hypno,Drowzee,Y
Archer,villain,Koffing,Koffing,Koffing,Y
Archer,villain,Magmar,Magmar,Magby,Y
Archer,villain,Misdreavus,Misdreavus,Misdreavus,Y
Archer,villain,Muk,Muk,Grimer,Y
Archer,villain,Octillery,Octillery,Remoraid,Y
Archer,villain,Parasect,Parasect,Paras,Y
Archer,villain,Persian,Persian,Meowth,Y
Archer,villain,Raticate,Raticate,Rattata,Y
Archer,villain,Tyranitar,Tyranitar,Larvitar,Y
Archer,villain,Victreebel,Victreebel,Bellsprout,Y
Archer,villain,Weezing,Weezing,Koffing,Y
Archer,villain,Wobbuffet,Wobbuffet,Wynaut,Y
Archie,villain,Crobat,Crobat,Zubat,Y
Archie,villain,Golbat,Golbat,Zubat,Y
Archie,villain,Kyogre,Kyogre,Kyogre,Y
Archie,villain,Mightyena,Mightyena,Poochyena,Y
Archie,villain,Muk,Muk,Grimer,Y
Archie,villain,Poochyena,Poochyena,Poochyena,Y
Archie,villain,Sharpedo,Sharpedo,Carvanha,Y
Archie,villain,Tentacruel,Tentacruel,Tentacool,Y
Archie,villain,Walrein,Walrein,Spheal,Y
Arezu,warden,Bronzor,Bronzor,Bronzor,Y
Arezu,warden,Hisuian Lilligant,Lilligant-Hisui,Petilil,Y
Arezu,warden,Petilil,Petilil,Petilil,Y
Arezu,warden,Purugly,Purugly,Glameow,Y
Argenta,frontier,Butterfree,Butterfree,Caterpie,Y
Argenta,frontier,Drifblim,Drifblim,Drifloon,Y
Argenta,frontier,Skarmory,Skarmory,Skarmory,Y
Ariana,villain,Arbok,Arbok,Ekans,Y
Ariana,villain,Drowzee,Drowzee,Drowzee,Y
Ariana,villain,Gloom,Gloom,Oddish,Y
Ariana,villain,Golbat,Golbat,Zubat,Y
Ariana,villain,Grimer,Grimer,Grimer,Y
Ariana,villain,Kabutops,Kabutops,Kabuto,Y
Ariana,villain,Lickitung,Lickitung,Lickitung,Y
Ariana,villain,Magcargo,Magcargo,Slugma,Y
Ariana,villain,Muk,Muk,Grimer,Y
Ariana,villain,Murkrow,Murkrow,Murkrow,Y
Ariana,villain,Raticate,Raticate,Rattata,Y
Ariana,villain,Sneasel,Sneasel,Sneasel,Y
Ariana,villain,Victreebel,Victreebel,Bellsprout,Y
Ariana,villain,Vileplume,Vileplume,Oddish,Y
Arven,rival,Cloyster,Cloyster,Shellder,Y
Arven,rival,Garganacl,Garganacl,Nacli,Y
Arven,rival,Greedent,Greedent,Skwovet,Y
Arven,rival,Mabosstiff,Mabosstiff,Maschiff,Y
Arven,rival,Maschiff,Maschiff,Maschiff,Y
Arven,rival,Nacli,Nacli,Nacli,Y
Arven,rival,Scovillain,Scovillain,Capsakid,Y
Arven,rival,Shellder,Shellder,Shellder,Y
Arven,rival,Skwovet,Skwovet,Skwovet,Y
Arven,rival,Toedscool,Toedscool,Toedscool,Y
Arven,rival,Toedscruel,Toedscruel,Toedscool,Y
Ash,anime,Aipom,Aipom,Aipom,Y
Ash,anime,Bayleef,Bayleef,Chikorita,Y
Ash,anime,Boldore,Boldore,Roggenrola,Y
Ash,anime,Buizel,Buizel,Buizel,Y
Ash,anime,Bulbasaur,Bulbasaur,Bulbasaur,Y
Ash,anime,Butterfree,Butterfree,Caterpie,Y
Ash,anime,Caterpie,Caterpie,Caterpie,Y
Ash,anime,Charizard,Charizard,Charmander,Y
Ash,anime,Chikorita,Chikorita,Chikorita,Y
Ash,anime,Chimchar,Chimchar,Chimchar,Y
Ash,anime,Corphish,Corphish,Corphish,Y
Ash,anime,Cosmoem,Cosmoem,Cosmog,Y
Ash,anime,Cosmog,Cosmog,Cosmog,Y
Ash,anime,Cyndaquil,Cyndaquil,Cyndaquil,Y
Ash,anime,Donphan,Donphan,Phanpy,Y
Ash,anime,Dracovish,Dracovish,Dracovish,Y
Ash,anime,Dragonite,Dragonite,Dratini,Y
Ash,anime,Frogadier,Frogadier,Froakie,Y
Ash,anime,Gengar,Gengar,Gastly,Y
Ash,anime,Glalie,Glalie,Snorunt,Y
Ash,anime,Gligar,Gligar,Gligar,Y
Ash,anime,Gliscor,Gliscor,Gligar,Y
Ash,anime,Goodra,Goodra,Goomy,Y
Ash,anime,Goomy,Goomy,Goomy,Y
Ash,anime,Greninja,Greninja,Froakie,Y
Ash,anime,Grimer,Grimer,Grimer,Y
Ash,anime,Haunter,Haunter,Gastly,Y
Ash,anime,Hawlucha,Hawlucha,Hawlucha,Y
Ash,anime,Heracross,Heracross,Heracross,Y
Ash,anime,Hoothoot,Hoothoot,Hoothoot,Y
Ash,anime,Incineroar,Incineroar,Litten,Y
Ash,anime,Infernape,Infernape,Chimchar,Y
Ash,anime,Kingler,Kingler,Krabby,Y
Ash,anime,Krabby,Krabby,Krabby,Y
Ash,anime,Krokorok,Krokorok,Sandile,Y
Ash,anime,Lapras,Lapras,Lapras,Y
Ash,anime,Larvitar,Larvitar,Larvitar,Y
Ash,anime,Leavanny,Leavanny,Sewaddle,Y
Ash,anime,Lucario,Lucario,Riolu,Y
Ash,anime,Lunala,Lunala,Cosmog,Y
Ash,anime,Lycanroc,Lycanroc,Rockruff,Y
Ash,anime,Mankey,Mankey,Mankey,Y
Ash,anime,Melmetal,Melmetal,Meltan,Y
Ash,anime,Meltan,Meltan,Meltan,Y
Ash,anime,Mime jr.,Mime Jr.,Mime Jr.,Y
Ash,anime,Mr. Mime,Mr. Mime,Mime Jr.,Y
Ash,anime,Muk,Muk,Grimer,Y
Ash,anime,Munchlax,Munchlax,Munchlax,Y
Ash,anime,Noctowl,Noctowl,Hoothoot,Y
Ash,anime,Noibat,Noibat,Noibat,Y
Ash,anime,Noivern,Noivern,Noibat,Y
Ash,anime,Oshawott,Oshawott,Oshawott,Y
Ash,anime,Palpitoad,Palpitoad,Tympole,Y
Ash,anime,Phanpy,Phanpy,Phanpy,Y
Ash,anime,Pidgeot,Pidgeot,Pidgey,Y
Ash,anime,Pidgey,Pidgey,Pidgey,Y
Ash,anime,Pidove,Pidove,Pidove,Y
Ash,anime,Pignite,Pignite,Tepig,Y
Ash,anime,Pikachu,Pikachu,Pichu,Y
Ash,anime,Poipole,Poipole,Poipole,Y
Ash,anime,Primeape,Primeape,Mankey,Y
Ash,anime,Quilava,Quilava,Cyndaquil,Y
Ash,anime,Rattata,Rattata,Rattata,Y
Ash,anime,Roggenrola,Roggenrola,Roggenrola,Y
Ash,anime,Rowlet,Rowlet,Rowlet,Y
Ash,anime,Sandile,Sandile,Sandile,Y
Ash,anime,Sceptile,Sceptile,Treecko,Y
Ash,anime,Scraggy,Scraggy,Scraggy,Y
Ash,anime,Sewaddle,Sewaddle,Sewaddle,Y
Ash,anime,Sirfetch'd,Sirfetch’d,Farfetch’d,Y
Ash,anime,Sliggoo,Sliggoo,Goomy,Y
Ash,anime,Snivy,Snivy,Snivy,Y
Ash,anime,Snorlax,Snorlax,Munchlax,Y
Ash,anime,Snorunt,Snorunt,Snorunt,Y
Ash,anime,Solgaleo,Solgaleo,Cosmog,Y
Ash,anime,Squirtle,Squirtle,Squirtle,Y
Ash,anime,Staraptor,Staraptor,Starly,Y
Ash,anime,Staravia,Staravia,Starly,Y
Ash,anime,Swellow,Swellow,Taillow,Y
Ash,anime,Taillow,Taillow,Taillow,Y
Ash,anime,Talonflame,Talonflame,Fletchling,Y
Ash,anime,Tauros,Tauros,Tauros,Y
Ash,anime,Tepig,Tepig,Tepig,Y
Ash,anime,Torkoal,Torkoal,Torkoal,Y
Ash,anime,Torterra,Torterra,Turtwig,Y
Ash,anime,Totodile,Totodile,Totodile,Y
Ash,anime,Treecko,Treecko,Treecko,Y
Ash,anime,Turtwig,Turtwig,Turtwig,Y
Ash,anime,Tympole,Tympole,Tympole,Y
Ash,anime,Unfezant,Unfezant,Pidove,Y
Barry,rival,Buizel,Buizel,Buizel,Y
Barry,rival,Chimchar,Chimchar,Chimchar,Y
Barry,rival,Empoleon,Empoleon,Piplup,Y
Barry,rival,Floatzel,Floatzel,Buizel,Y
Barry,rival,Grotle,Grotle,Turtwig,Y
Barry,rival,Heracross,Heracross,Heracross,Y
Barry,rival,Hitmonlee,Hitmonlee,Tyrogue,Y
Barry,rival,Infernape,Infernape,Chimchar,Y
Barry,rival,Monferno,Monferno,Chimchar,Y
Barry,rival,Munchlax,Munchlax,Munchlax,Y
Barry,rival,Piplup,Piplup,Piplup,Y
Barry,rival,Ponyta,Ponyta,Ponyta,Y
Barry,rival,Prinplup,Prinplup,Piplup,Y
Barry,rival,Rapidash,Rapidash,Ponyta,Y
Barry,rival,Roselia,Roselia,Budew,Y
Barry,rival,Roserade,Roserade,Budew,Y
Barry,rival,Skarmory,Skarmory,Skarmory,Y
Barry,rival,Snorlax,Snorlax,Munchlax,Y
Barry,rival,Staraptor,Staraptor,Starly,Y
Barry,rival,Staravia,Staravia,Starly,Y
Barry,rival,Starly,Starly,Starly,Y
Barry,rival,Torterra,Torterra,Turtwig,Y
Barry,rival,Turtwig,Turtwig,Turtwig,Y
Bea,gymleader,Falinks,Falinks,Falinks,Y
Bea,gymleader,Grapploct,Grapploct,Clobbopus,Y
Bea,gymleader,Hawlucha,Hawlucha,Hawlucha,Y
Bea,gymleader,Hitmonchan,Hitmonchan,Tyrogue,Y
Bea,gymleader,Hitmontop,Hitmontop,Tyrogue,Y
Bea,gymleader,Machamp,Machamp,Machop,Y
Bea,gymleader,Machoke,Machoke,Machop,Y
Bea,gymleader,Machop,Machop,Machop,Y
Bea,gymleader,Pangoro,Pangoro,Pancham,Y
Bea,gymleader,Sawk,Sawk,Sawk,Y
Bea,gymleader,Scraggy,Scraggy,Scraggy,Y
Bea,gymleader,Sirfetch'd,Sirfetch’d,Farfetch’d,Y
Bea,gymleader,Throh,Throh,Throh,Y
Bea,gymleader,Tyrogue,Tyrogue,Tyrogue,Y
Bea,gymleader,Vanilluxe,Vanilluxe,Vanillite,Y
Bede,rival,Articuno,Articuno,Articuno,Y
Bede,rival,Duosion,Duosion,Solosis,Y
Bede,rival,Gardevoir,Gardevoir,Ralts,Y
Bede,rival,Gothita,Gothita,Gothita,Y
Bede,rival,Gothorita,Gothorita,Gothita,Y
Bede,rival,Hatenna,Hatenna,Hatenna,Y
Bede,rival,Hatterene,Hatterene,Hatenna,Y
Bede,rival,Hattrem,Hattrem,Hatenna,Y
Bede,rival,Inteleon,Inteleon,Sobble,Y
Bede,rival,IrnValiant,Iron Valiant,Iron Valiant,Y
Bede,rival,Iron Valiant,Iron Valiant,Iron Valiant,Y
Bede,rival,Mawile,Mawile,Mawile,Y
Bede,rival,Ponyta,Ponyta,Ponyta,Y
Bede,rival,Rapidash,Rapidash,Ponyta,Y
Bede,rival,Regice,Regice,Regice,Y
Bede,rival,Regirock,Regirock,Regirock,Y
Bede,rival,Registeel,Registeel,Registeel,Y
Bede,rival,Solosis,Solosis,Solosis,Y
Bede,rival,Sylveon,Sylveon,Eevee,Y
Beni,villain,Gallade,Gallade,Ralts,Y
Beni,villain,Gardevoir,Gardevoir,Ralts,Y
Beni,villain,Magnezone,Magnezone,Magnemite,Y
Beni,villain,Mismagius,Mismagius,Misdreavus,Y
Beni,villain,Roserade,Roserade,Budew,Y
Beni,villain,Sneasler,Sneasler,Sneasel,Y
Bertha,elite4,Donphan,Donphan,Phanpy,Y
Bertha,elite4,Gliscor,Gliscor,Gligar,Y
Bertha,elite4,Golem,Golem,Geodude,Y
Bertha,elite4,Hippowdon,Hippowdon,Hippopotas,Y
Bertha,elite4,Mamoswine,Mamoswine,Swinub,Y
Bertha,elite4,Nidoking,Nidoking,Nidoran♂,Y
Bertha,elite4,Quagsire,Quagsire,Wooper,Y
Bertha,elite4,Rhyperior,Rhyperior,Rhyhorn,Y
Bertha,elite4,Steelix,Steelix,Onix,Y
Bertha,elite4,Sudowoodo,Sudowoodo,Bonsly,Y
Bertha,elite4,Whiscash,Whiscash,Barboach,Y
Bianca,rival,Accelgor,Accelgor,Shelmet,Y
Bianca,rival,Audino,Audino,Audino,Y
Bianca,rival,Axew,Axew,Axew,Y
Bianca,rival,Chandelure,Chandelure,Litwick,Y
Bianca,rival,Dewott,Dewott,Oshawott,Y
Bianca,rival,Emboar,Emboar,Tepig,Y
Bianca,rival,Escavalier,Escavalier,Karrablast,Y
Bianca,rival,Fraxure,Fraxure,Axew,Y
Bianca,rival,Herdier,Herdier,Lillipup,Y
Bianca,rival,Karrablast,Karrablast,Karrablast,Y
Bianca,rival,Lillipup,Lillipup,Lillipup,Y
Bianca,rival,Mienfoo,Mienfoo,Mienfoo,Y
Bianca,rival,Mienshao,Mienshao,Mienfoo,Y
Bianca,rival,Minccino,Minccino,Minccino,Y
Bianca,rival,Munna,Munna,Munna,Y
Bianca,rival,Musharna,Musharna,Munna,Y
Bianca,rival,Oshawott,Oshawott,Oshawott,Y
Bianca,rival,Panpour,Panpour,Panpour,Y
Bianca,rival,Pansage,Pansage,Pansage,Y
Bianca,rival,Pansear,Pansear,Pansear,Y
Bianca,rival,Pignite,Pignite,Tepig,Y
Bianca,rival,Purrloin,Purrloin,Purrloin,Y
Bianca,rival,Samurott,Samurott,Oshawott,Y
Bianca,rival,Serperior,Serperior,Snivy,Y
Bianca,rival,Servine,Servine,Snivy,Y
Bianca,rival,Shelmet,Shelmet,Shelmet,Y
Bianca,rival,Simipour,Simipour,Panpour,Y
Bianca,rival,Simisage,Simisage,Pansage,Y
Bianca,rival,Simisear,Simisear,Pansear,Y
Bianca,rival,Snivy,Snivy,Snivy,Y
Bianca,rival,Stoutland,Stoutland,Lillipup,Y
Bianca,rival,Tepig,Tepig,Tepig,Y
Bianca,rival,Virizion,Virizion,Virizion,Y
Birch,professor,Aron,Aron,Aron,Y
Birch,professor,Blaziken,Blaziken,Torchic,Y
Birch,professor,Chikorita,Chikorita,Chikorita,Y
Birch,professor,Chimchar,Chimchar,Chimchar,Y
Birch,professor,Cyndaquil,Cyndaquil,Cyndaquil,Y
Birch,professor,Grovyle,Grovyle,Treecko,Y
Birch,professor,Lotad,Lotad,Lotad,Y
Birch,professor,Magikarp,Magikarp,Magikarp,Y
Birch,professor,Mudkip,Mudkip,Mudkip,Y
Birch,professor,Oshawott,Oshawott,Oshawott,Y
Birch,professor,Piplup,Piplup,Piplup,Y
Birch,professor,Sceptile,Sceptile,Treecko,Y
Birch,professor,Seedot,Seedot,Seedot,Y
Birch,professor,Sharpedo,Sharpedo,Carvanha,Y
Birch,professor,Shroomish,Shroomish,Shroomish,Y
Birch,professor,Snivy,Snivy,Snivy,Y
Birch,professor,Tepig,Tepig,Tepig,Y
Birch,professor,Torchic,Torchic,Torchic,Y
Birch,professor,Totodile,Totodile,Totodile,Y
Birch,professor,Treecko,Treecko,Treecko,Y
Birch,professor,Tropius,Tropius,Tropius,Y
Birch,professor,Turtwig,Turtwig,Turtwig,Y
Birch,professor,Wailmer,Wailmer,Wailmer,Y
Birch,professor,Wailord,Wailord,Wailmer,Y
Birch,professor,Zigzagoon,Zigzagoon,Zigzagoon,Y
Blaine,gymleader,Arcanine,Arcanine,Growlithe,Y
Blaine,gymleader,Articuno,Articuno,Articuno,Y
Blaine,gymleader,Camerupt,Camerupt,Numel,Y
Blaine,gymleader,Chansey,Chansey,Happiny,Y
Blaine,gymleader,Charizard,Charizard,Charmander,Y
Blaine,gymleader,Clefable,Clefable,Cleffa,Y
Blaine,gymleader,Clefairy,Clefairy,Cleffa,Y
Blaine,gymleader,Flareon,Flareon,Eevee,Y
Blaine,gymleader,Golem,Golem,Geodude,Y
Blaine,gymleader,Growlithe,Growlithe,Growlithe,Y
Blaine,gymleader,Houndoom,Houndoom,Houndour,Y
Blaine,gymleader,Kangaskhan,Kangaskhan,Kangaskhan,Y
Blaine,gymleader,Magcargo,Magcargo,Slugma,Y
Blaine,gymleader,Magmar,Magmar,Magby,Y
Blaine,gymleader,Magmortar,Magmortar,Magby,Y
Blaine,gymleader,Meowth,Meowth,Meowth,Y
Blaine,gymleader,Moltres,Moltres,Moltres,Y
Blaine,gymleader,Mr. Mime,Mr. Mime,Mime Jr.,Y
Blaine,gymleader,Ninetales,Ninetales,Vulpix,Y
Blaine,gymleader,Octillery,Octillery,Remoraid,Y
Blaine,gymleader,Parasect,Parasect,Paras,Y
Blaine,gymleader,Ponyta,Ponyta,Ponyta,Y
Blaine,gymleader,Primeape,Primeape,Mankey,Y
Blaine,gymleader,Rapidash,Rapidash,Ponyta,Y
Blaine,gymleader,Rhydon,Rhydon,Rhyhorn,Y
Blaine,gymleader,Rotom,Rotom,Rotom,Y
Blaine,gymleader,Tangela,Tangela,Tangela,Y
Blaine,gymleader,Torkoal,Torkoal,Torkoal,Y
Blaine,gymleader,Vileplume,Vileplume,Oddish,Y
Blaine,gymleader,Voltorb,Voltorb,Voltorb,Y
Blue,champion,Aerodactyl,Aerodactyl,Aerodactyl,Y
Blue,champion,Alakazam,Alakazam,Abra,Y
Blue,champion,Arcanine,Arcanine,Growlithe,Y
Blue,champion,Blastoise,Blastoise,Squirtle,Y
Blue,champion,Charizard,Charizard,Charmander,Y
Blue,champion,Clefable,Clefable,Cleffa,Y
Blue,champion,Cloyster,Cloyster,Shellder,Y
Blue,champion,Eevee,Eevee,Eevee,Y
Blue,champion,Electabuzz,Electabuzz,Elekid,Y
Blue,champion,Exeggutor,Exeggutor,Exeggcute,Y
Blue,champion,Flareon,Flareon,Eevee,Y
Blue,champion,Gengar,Gengar,Gastly,Y
Blue,champion,Gyarados,Gyarados,Magikarp,Y
Blue,champion,Heracross,Heracross,Heracross,Y
Blue,champion,Houndoom,Houndoom,Houndour,Y
Blue,champion,Jolteon,Jolteon,Eevee,Y
Blue,champion,Kingdra,Kingdra,Horsea,Y
Blue,champion,Machamp,Machamp,Machop,Y
Blue,champion,Magneton,Magneton,Magnemite,Y
Blue,champion,Miltank,Miltank,Miltank,Y
Blue,champion,Ninetales,Ninetales,Vulpix,Y
Blue,champion,Pidgeot,Pidgeot,Pidgey,Y
Blue,champion,Piloswine,Piloswine,Swinub,Y
Blue,champion,Pinsir,Pinsir,Pinsir,Y
Blue,champion,Rhydon,Rhydon,Rhyhorn,Y
Blue,champion,Rhyperior,Rhyperior,Rhyhorn,Y
Blue,champion,Sandslash,Sandslash,Sandshrew,Y
Blue,champion,Scyther,Scyther,Scyther,Y
Blue,champion,Slowbro,Slowbro,Slowpoke,Y
Blue,champion,Tauros,Tauros,Tauros,Y
Blue,champion,Tyranitar,Tyranitar,Larvitar,Y
Blue,champion,Vaporeon,Vaporeon,Eevee,Y
Blue,champion,Venusaur,Venusaur,Bulbasaur,Y
Blue,champion,Zapdos,Zapdos,Zapdos,Y
Brandon,frontier,Articuno,Articuno,Articuno,Y
Brandon,frontier,Dusclops,Dusclops,Duskull,Y
Brandon,frontier,Moltres,Moltres,Moltres,Y
Brandon,frontier,Ninjask,Ninjask,Nincada,Y
Brandon,frontier,Regice,Regice,Regice,Y
Brandon,frontier,Regigigas,Regigigas,Regigigas,Y
Brandon,frontier,Regirock,Regirock,Regirock,Y
Brandon,frontier,Registeel,Registeel,Registeel,Y
Brandon,frontier,Solrock,Solrock,Solrock,Y
Brandon,frontier,Zapdos,Zapdos,Zapdos,Y
Brassius,gymleader,Arboliva,Arboliva,Smoliv,Y
Brassius,gymleader,Breloom,Breloom,Shroomish,Y
Brassius,gymleader,Dolliv,Dolliv,Smoliv,Y
Brassius,gymleader,Lilligant,Lilligant,Petilil,Y
Brassius,gymleader,Petilil,Petilil,Petilil,Y
Brassius,gymleader,Smoliv,Smoliv,Smoliv,Y
Brassius,gymleader,Sudowoodo,Sudowoodo,Bonsly,Y
Brassius,gymleader,Sunflora,Sunflora,Sunkern,Y
Brassius,gymleader,Tsareena,Tsareena,Bounsweet,Y
Brassius,gymleader,Vileplume,Vileplume,Oddish,Y
Brawly,gymleader,Breloom,Breloom,Shroomish,Y
Brawly,gymleader,Hariyama,Hariyama,Makuhita,Y
Brawly,gymleader,Heracross,Heracross,Heracross,Y
Brawly,gymleader,Hitmonchan,Hitmonchan,Tyrogue,Y
Brawly,gymleader,Hitmonlee,Hitmonlee,Tyrogue,Y
Brawly,gymleader,Hitmontop,Hitmontop,Tyrogue,Y
Brawly,gymleader,Machamp,Machamp,Machop,Y
Brawly,gymleader,Machoke,Machoke,Machop,Y
Brawly,gymleader,Machop,Machop,Machop,Y
Brawly,gymleader,Makuhita,Makuhita,Makuhita,Y
Brawly,gymleader,Medicham,Medicham,Meditite,Y
Brawly,gymleader,Meditite,Meditite,Meditite,Y
Brawly,gymleader,Mienshao,Mienshao,Mienfoo,Y
Brawly,gymleader,Sableye,Sableye,Sableye,Y
Brawly,gymleader,Scrafty,Scrafty,Scraggy,Y
Brendan,protagonist,Aggron,Aggron,Aron,Y
Brendan,protagonist,Blaziken,Blaziken,Torchic,Y
Brendan,protagonist,Breloom,Breloom,Shroomish,Y
Brendan,protagonist,Camerupt,Camerupt,Numel,Y
Brendan,protagonist,Claydol,Claydol,Baltoy,Y
Brendan,protagonist,Combusken,Combusken,Torchic,Y
Brendan,protagonist,Exploud,Exploud,Whismur,Y
Brendan,protagonist,Groudon,Groudon,Groudon,Y
Brendan,protagonist,Grovyle,Grovyle,Treecko,Y
Brendan,protagonist,Latios,Latios,Latios,Y
Brendan,protagonist,Lombre,Lombre,Lotad,Y
Brendan,protagonist,Lotad,Lotad,Lotad,Y
Brendan,protagonist,Ludicolo,Ludicolo,Lotad,Y
Brendan,protagonist,Magcargo,Magcargo,Slugma,Y
Brendan,protagonist,Marshtomp,Marshtomp,Mudkip,Y
Brendan,protagonist,Mudkip,Mudkip,Mudkip,Y
Brendan,protagonist,Numel,Numel,Numel,Y
Brendan,protagonist,Pelipper,Pelipper,Wingull,Y
Brendan,protagonist,Raichu,Raichu,Pichu,Y
Brendan,protagonist,Rhyperior,Rhyperior,Rhyhorn,Y
Brendan,protagonist,Sceptile,Sceptile,Treecko,Y
Brendan,protagonist,Shiftry,Shiftry,Seedot,Y
Brendan,protagonist,Shroomish,Shroomish,Shroomish,Y
Brendan,protagonist,Slugma,Slugma,Slugma,Y
Brendan,protagonist,Swampert,Swampert,Mudkip,Y
Brendan,protagonist,Swellow,Swellow,Taillow,Y
Brendan,protagonist,Torchic,Torchic,Torchic,Y
Brendan,protagonist,Treecko,Treecko,Treecko,Y
Brendan,protagonist,Tropius,Tropius,Tropius,Y
Brendan,protagonist,Wailmer,Wailmer,Wailmer,Y
Brendan,protagonist,Wailord,Wailord,Wailmer,Y
Brendan,protagonist,Wingull,Wingull,Wingull,Y
Brock,gymleader,Aerodactyl,Aerodactyl,Aerodactyl,Y
Brock,gymleader,Blissey,Blissey,Happiny,Y
Brock,gymleader,Bonsly,Bonsly,Bonsly,Y
Brock,gymleader,Chansey,Chansey,Happiny,Y
Brock,gymleader,Comfey,Comfey,Comfey,Y
Brock,gymleader,Croagunk,Croagunk,Croagunk,Y
Brock,gymleader,Crobat,Crobat,Zubat,Y
Brock,gymleader,Cubone,Cubone,Cubone,Y
Brock,gymleader,Dugtrio,Dugtrio,Diglett,Y
Brock,gymleader,Forretress,Forretress,Pineco,Y
Brock,gymleader,Geodude,Geodude,Geodude,Y
Brock,gymleader,Golbat,Golbat,Zubat,Y
Brock,gymleader,Golem,Golem,Geodude,Y
Brock,gymleader,Graveler,Graveler,Geodude,Y
Brock,gymleader,Happiny,Happiny,Happiny,Y
Brock,gymleader,Heracross,Heracross,Heracross,Y
Brock,gymleader,Kabuto,Kabuto,Kabuto,Y
Brock,gymleader,Kabutops,Kabutops,Kabuto,Y
Brock,gymleader,Lombre,Lombre,Lotad,Y
Brock,gymleader,Lotad,Lotad,Lotad,Y
Brock,gymleader,Ludicolo,Ludicolo,Lotad,Y
Brock,gymleader,Marshtomp,Marshtomp,Mudkip,Y
Brock,gymleader,Mudkip,Mudkip,Mudkip,Y
Brock,gymleader,Ninetales,Ninetales,Vulpix,Y
Brock,gymleader,Omanyte,Omanyte,Omanyte,Y
Brock,gymleader,Omastar,Omastar,Omanyte,Y
Brock,gymleader,Onix,Onix,Onix,Y
Brock,gymleader,Pikachu,Pikachu,Pichu,Y
Brock,gymleader,Pineco,Pineco,Pineco,Y
Brock,gymleader,Pinsir,Pinsir,Pinsir,Y
Brock,gymleader,Rampardos,Rampardos,Cranidos,Y
Brock,gymleader,Relicanth,Relicanth,Relicanth,Y
Brock,gymleader,Rhydon,Rhydon,Rhyhorn,Y
Brock,gymleader,Rhyhorn,Rhyhorn,Rhyhorn,Y
Brock,gymleader,Rhyperior,Rhyperior,Rhyhorn,Y
Brock,gymleader,Shuckle,Shuckle,Shuckle,Y
Brock,gymleader,Slowbro,Slowbro,Slowpoke,Y
Brock,gymleader,Steelix,Steelix,Onix,Y
Brock,gymleader,Sudowoodo,Sudowoodo,Bonsly,Y
Brock,gymleader,Tyranitar,Tyranitar,Larvitar,Y
Brock,gymleader,Ursaring,Ursaring,Teddiursa,Y
Brock,gymleader,Vileplume,Vileplume,Oddish,Y
Brock,gymleader,Vulpix,Vulpix,Vulpix,Y
Brock,gymleader,Zubat,Zubat,Zubat,Y
Bruno,elite4,Blastoise,Blastoise,Squirtle,Y
Bruno,elite4,Clefable,Clefable,Cleffa,Y
Bruno,elite4,Clefairy,Clefairy,Cleffa,Y
Bruno,elite4,Exeggcute,Exeggcute,Exeggcute,Y
Bruno,elite4,Exeggutor,Exeggutor,Exeggcute,Y
Bruno,elite4,Geodude,Geodude,Geodude,Y
Bruno,elite4,Golem,Golem,Geodude,Y
Bruno,elite4,Granbull,Granbull,Snubbull,Y
Bruno,elite4,Hariyama,Hariyama,Makuhita,Y
Bruno,elite4,Heracross,Heracross,Heracross,Y
Bruno,elite4,Hitmonchan,Hitmonchan,Tyrogue,Y
Bruno,elite4,Hitmonlee,Hitmonlee,Tyrogue,Y
Bruno,elite4,Hitmontop,Hitmontop,Tyrogue,Y
Bruno,elite4,Kangaskhan,Kangaskhan,Kangaskhan,Y
Bruno,elite4,Lucario,Lucario,Riolu,Y
Bruno,elite4,Machamp,Machamp,Machop,Y
Bruno,elite4,Machoke,Machoke,Machop,Y
Bruno,elite4,Machop,Machop,Machop,Y
Bruno,elite4,Muk,Muk,Grimer,Y
Bruno,elite4,Onix,Onix,Onix,Y
Bruno,elite4,Poliwrath,Poliwrath,Poliwag,Y
Bruno,elite4,Primeape,Primeape,Mankey,Y
Bruno,elite4,Rhydon,Rhydon,Rhyhorn,Y
Bruno,elite4,Shellder,Shellder,Shellder,Y
Bruno,elite4,Slowbro,Slowbro,Slowpoke,Y
Bruno,elite4,Steelix,Steelix,Onix,Y
Bruno,elite4,Tyrogue,Tyrogue,Tyrogue,Y
Bruno,elite4,Ursaring,Ursaring,Teddiursa,Y
Brycen,gymleader,Beartic,Beartic,Cubchoo,Y
Brycen,gymleader,Cryogonal,Cryogonal,Cryogonal,Y
Brycen,gymleader,Dewgong,Dewgong,Seel,Y
Brycen,gymleader,Vanillish,Vanillish,Vanillite,Y
Brycen,gymleader,Vanilluxe,Vanilluxe,Vanillite,Y
Brycen,gymleader,Walrein,Walrein,Spheal,Y
Brycen,gymleader,Weavile,Weavile,Sneasel,Y
Brycen,gymleader,Zoroark,Zoroark,Zorua,Y
Bugsy,gymleader,Armaldo,Armaldo,Anorith,Y
Bugsy,gymleader,Beedrill,Beedrill,Weedle,Y
Bugsy,gymleader,Butterfree,Butterfree,Caterpie,Y
Bugsy,gymleader,Caterpie,Caterpie,Caterpie,Y
Bugsy,gymleader,Forretress,Forretress,Pineco,Y
Bugsy,gymleader,Heracross,Heracross,Heracross,Y
Bugsy,gymleader,Kakuna,Kakuna,Weedle,Y
Bugsy,gymleader,Kricketune,Kricketune,Kricketot,Y
Bugsy,gymleader,Metapod,Metapod,Caterpie,Y
Bugsy,gymleader,Pinsir,Pinsir,Pinsir,Y
Bugsy,gymleader,Pupitar,Pupitar,Larvitar,Y
Bugsy,gymleader,Quagsire,Quagsire,Wooper,Y
Bugsy,gymleader,Raticate,Raticate,Rattata,Y
Bugsy,gymleader,Scizor,Scizor,Scyther,Y
Bugsy,gymleader,Scyther,Scyther,Scyther,Y
Bugsy,gymleader,Shedinja,Shedinja,Nincada,Y
Bugsy,gymleader,Shuckle,Shuckle,Shuckle,Y
Bugsy,gymleader,Spinarak,Spinarak,Spinarak,Y
Bugsy,gymleader,Sudowoodo,Sudowoodo,Bonsly,Y
Bugsy,gymleader,Unown,Unown,Unown,Y
Bugsy,gymleader,Vespiquen,Vespiquen,Combee,Y
Bugsy,gymleader,Weedle,Weedle,Weedle,Y
Bugsy,gymleader,Weepinbell,Weepinbell,Bellsprout,Y
Bugsy,gymleader,Yanmega,Yanmega,Yanma,Y
Burgh,gymleader,Accelgor,Accelgor,Shelmet,Y
Burgh,gymleader,Crustle,Crustle,Dwebble,Y
Burgh,gymleader,Durant,Durant,Durant,Y
Burgh,gymleader,Dwebble,Dwebble,Dwebble,Y
Burgh,gymleader,Escavalier,Escavalier,Karrablast,Y
Burgh,gymleader,Heracross,Heracross,Heracross,Y
Burgh,gymleader,Karrablast,Karrablast,Karrablast,Y
Burgh,gymleader,Leavanny,Leavanny,Sewaddle,Y
Burgh,gymleader,Scolipede,Scolipede,Venipede,Y
Burgh,gymleader,Sewaddle,Sewaddle,Sewaddle,Y
Burgh,gymleader,Shelmet,Shelmet,Shelmet,Y
Burgh,gymleader,Swadloon,Swadloon,Sewaddle,Y
Burgh,gymleader,Togepi,Togepi,Togepi,Y
Burgh,gymleader,Venipede,Venipede,Venipede,Y
Burgh,gymleader,Vespiquen,Vespiquen,Combee,Y
Burgh,gymleader,Whirlipede,Whirlipede,Venipede,Y
Burnet,professor,Munchlax,Munchlax,Munchlax,Y
Byron,gymleader,Aggron,Aggron,Aron,Y
Byron,gymleader,Armaldo,Armaldo,Anorith,Y
Byron,gymleader,Bastiodon,Bastiodon,Shieldon,Y
Byron,gymleader,Beldum,Beldum,Beldum,Y
Byron,gymleader,Bronzong,Bronzong,Bronzor,Y
Byron,gymleader,Bronzor,Bronzor,Bronzor,Y
Byron,gymleader,Cradily,Cradily,Lileep,Y
Byron,gymleader,Empoleon,Empoleon,Piplup,Y
Byron,gymleader,Excadrill,Excadrill,Drilbur,Y
Byron,gymleader,Forretress,Forretress,Pineco,Y
Byron,gymleader,Heatran,Heatran,Heatran,Y
Byron,gymleader,Kabuto,Kabuto,Kabuto,Y
Byron,gymleader,Kabutops,Kabutops,Kabuto,Y
Byron,gymleader,Magneton,Magneton,Magnemite,Y
Byron,gymleader,Magnezone,Magnezone,Magnemite,Y
Byron,gymleader,Moltres,Moltres,Moltres,Y
Byron,gymleader,Omanyte,Omanyte,Omanyte,Y
Byron,gymleader,Omastar,Omastar,Omanyte,Y
Byron,gymleader,Onix,Onix,Onix,Y
Byron,gymleader,Piplup,Piplup,Piplup,Y
Byron,gymleader,Scyther,Scyther,Scyther,Y
Byron,gymleader,Shieldon,Shieldon,Shieldon,Y
Byron,gymleader,Skarmory,Skarmory,Skarmory,Y
Byron,gymleader,Steelix,Steelix,Onix,Y
Byron,gymleader,Wingull,Wingull,Wingull,Y
Caitlin,elite4,Alakazam,Alakazam,Abra,Y
Caitlin,elite4,Bronzong,Bronzong,Bronzor,Y
Caitlin,elite4,Gallade,Gallade,Ralts,Y
Caitlin,elite4,Gothitelle,Gothitelle,Gothita,Y
Caitlin,elite4,Metagross,Metagross,Beldum,Y
Caitlin,elite4,Munna,Munna,Munna,Y
Caitlin,elite4,Musharna,Musharna,Munna,Y
Caitlin,elite4,Reuniclus,Reuniclus,Solosis,Y
Caitlin,elite4,Sableye,Sableye,Sableye,Y
Caitlin,elite4,Sigilyph,Sigilyph,Sigilyph,Y
Calaba,warden,Bibarel,Bibarel,Bidoof,Y
Calaba,warden,Ursaluna,Ursaluna,Teddiursa,Y
Calem,protagonist,Absol,Absol,Absol,Y
Calem,protagonist,Altaria,Altaria,Swablu,Y
Calem,protagonist,Braixen,Braixen,Fennekin,Y
Calem,protagonist,Bunnelby,Bunnelby,Bunnelby,Y
Calem,protagonist,Charizard,Charizard,Charmander,Y
Calem,protagonist,Chesnaught,Chesnaught,Chespin,Y
Calem,protagonist,Chespin,Chespin,Chespin,Y
Calem,protagonist,Clefable,Clefable,Cleffa,Y
Calem,protagonist,Delphox,Delphox,Fennekin,Y
Calem,protagonist,Espurr,Espurr,Espurr,Y
Calem,protagonist,Fennekin,Fennekin,Fennekin,Y
Calem,protagonist,Flareon,Flareon,Eevee,Y
Calem,protagonist,Fletchling,Fletchling,Fletchling,Y
Calem,protagonist,Froakie,Froakie,Froakie,Y
Calem,protagonist,Frogadier,Frogadier,Froakie,Y
Calem,protagonist,Greninja,Greninja,Froakie,Y
Calem,protagonist,Jolteon,Jolteon,Eevee,Y
Calem,protagonist,Meowstic,Meowstic,Espurr,Y
Calem,protagonist,Quilladin,Quilladin,Chespin,Y
Calem,protagonist,Sylveon,Sylveon,Eevee,Y
Calem,protagonist,Vaporeon,Vaporeon,Eevee,Y
Calem,protagonist,Xerneas,Xerneas,Xerneas,Y
Calem,protagonist,Yveltal,Yveltal,Yveltal,Y
Candice,gymleader,Abomasnow,Abomasnow,Snover,Y
Candice,gymleader,Darmanitan,Darmanitan,Darumaka,Y
Candice,gymleader,Dodrio,Dodrio,Doduo,Y
Candice,gymleader,Froslass,Froslass,Snorunt,Y
Candice,gymleader,Glaceon,Glaceon,Eevee,Y
Candice,gymleader,Glalie,Glalie,Snorunt,Y
Candice,gymleader,Jynx,Jynx,Smoochum,Y
Candice,gymleader,Mamoswine,Mamoswine,Swinub,Y
Candice,gymleader,Medicham,Medicham,Meditite,Y
Candice,gymleader,Piloswine,Piloswine,Swinub,Y
Candice,gymleader,Regice,Regice,Regice,Y
Candice,gymleader,Regirock,Regirock,Regirock,Y
Candice,gymleader,Registeel,Registeel,Registeel,Y
Candice,gymleader,Sneasel,Sneasel,Sneasel,Y
Candice,gymleader,Snover,Snover,Snover,Y
Candice,gymleader,Weavile,Weavile,Sneasel,Y
Cerise,professor,Bulbasaur,Bulbasaur,Bulbasaur,Y
Cerise,professor,Charmander,Charmander,Charmander,Y
Cerise,professor,Clefable,Clefable,Cleffa,Y
Cerise,professor,Clefairy,Clefairy,Cleffa,Y
Cerise,professor,Piplup,Piplup,Piplup,Y
Cerise,professor,Rotom,Rotom,Rotom,Y
Cerise,professor,Squirtle,Squirtle,Squirtle,Y
Cerise,professor,Yamper,Yamper,Yamper,Y
Charm,villain,Gengar,Gengar,Gastly,Y
Charm,villain,Rhydon,Rhydon,Rhyhorn,Y
Cheren,gymleader,Axew,Axew,Axew,Y
Cheren,gymleader,Basculin,Basculin,Basculin,Y
Cheren,gymleader,Beartic,Beartic,Cubchoo,Y
Cheren,gymleader,Bisharp,Bisharp,Pawniard,Y
Cheren,gymleader,Bouffalant,Bouffalant,Bouffalant,Y
Cheren,gymleader,Castform,Castform,Castform,Y
Cheren,gymleader,Cinccino,Cinccino,Minccino,Y
Cheren,gymleader,Dewott,Dewott,Oshawott,Y
Cheren,gymleader,Emboar,Emboar,Tepig,Y
Cheren,gymleader,Gigalith,Gigalith,Roggenrola,Y
Cheren,gymleader,Haxorus,Haxorus,Axew,Y
Cheren,gymleader,Herdier,Herdier,Lillipup,Y
Cheren,gymleader,Lickilicky,Lickilicky,Lickitung,Y
Cheren,gymleader,Liepard,Liepard,Purrloin,Y
Cheren,gymleader,Lillipup,Lillipup,Lillipup,Y
Cheren,gymleader,Lopunny,Lopunny,Buneary,Y
Cheren,gymleader,Minccino,Minccino,Minccino,Y
Cheren,gymleader,Oshawott,Oshawott,Oshawott,Y
Cheren,gymleader,Panpour,Panpour,Panpour,Y
Cheren,gymleader,Pansage,Pansage,Pansage,Y
Cheren,gymleader,Pansear,Pansear,Pansear,Y
Cheren,gymleader,Patrat,Patrat,Patrat,Y
Cheren,gymleader,Pidove,Pidove,Pidove,Y
Cheren,gymleader,Pignite,Pignite,Tepig,Y
Cheren,gymleader,Porygon,Porygon,Porygon,Y
Cheren,gymleader,Porygon-Z,Porygon-Z,Porygon,Y
Cheren,gymleader,Purrloin,Purrloin,Purrloin,Y
Cheren,gymleader,Roggenrola,Roggenrola,Roggenrola,Y
Cheren,gymleader,Samurott,Samurott,Oshawott,Y
Cheren,gymleader,Serperior,Serperior,Snivy,Y
Cheren,gymleader,Servine,Servine,Snivy,Y
Cheren,gymleader,Simipour,Simipour,Panpour,Y
Cheren,gymleader,Simisage,Simisage,Pansage,Y
Cheren,gymleader,Simisear,Simisear,Pansear,Y
Cheren,gymleader,Snivy,Snivy,Snivy,Y
Cheren,gymleader,Stoutland,Stoutland,Lillipup,Y
Cheren,gymleader,Tepig,Tepig,Tepig,Y
Cheren,gymleader,Tornadus,Tornadus,Tornadus,Y
Cheren,gymleader,Tranquill,Tranquill,Pidove,Y
Cheren,gymleader,Unfezant,Unfezant,Pidove,Y
Cheren,gymleader,Watchog,Watchog,Patrat,Y
Cheren,gymleader,Zangoose,Zangoose,Zangoose,Y
Chili,gymleader,Arcanine,Arcanine,Growlithe,Y
Chili,gymleader,Camerupt,Camerupt,Numel,Y
Chili,gymleader,Darmanitan,Darmanitan,Darumaka,Y
Chili,gymleader,Emboar,Emboar,Tepig,Y
Chili,gymleader,Heatmor,Heatmor,Heatmor,Y
Chili,gymleader,Lillipup,Lillipup,Lillipup,Y
Chili,gymleader,Magmortar,Magmortar,Magby,Y
Chili,gymleader,Pansear,Pansear,Pansear,Y
Chili,gymleader,Simisear,Simisear,Pansear,Y
Chloe,anime,Eevee,Eevee,Eevee,Y
Chloe,anime,Espeon,Espeon,Eevee,Y
Chloe,anime,Flareon,Flareon,Eevee,Y
Chloe,anime,Glaceon,Glaceon,Eevee,Y
Chloe,anime,Jolteon,Jolteon,Eevee,Y
Chloe,anime,Leafeon,Leafeon,Eevee,Y
Chloe,anime,Pidove,Pidove,Pidove,Y
Chloe,anime,Ponyta,Ponyta,Ponyta,Y
Chloe,anime,Rapidash,Rapidash,Ponyta,Y
Chloe,anime,Rotom,Rotom,Rotom,Y
Chloe,anime,Sylveon,Sylveon,Eevee,Y
Chloe,anime,Umbreon,Umbreon,Eevee,Y
Chloe,anime,Vaporeon,Vaporeon,Eevee,Y
Chloe,anime,Yamper,Yamper,Yamper,Y
Chuck,gymleader,Ampharos,Ampharos,Mareep,Y
Chuck,gymleader,Breloom,Breloom,Shroomish,Y
Chuck,gymleader,Conkeldurr,Conkeldurr,Timburr,Y
Chuck,gymleader,Granbull,Granbull,Snubbull,Y
Chuck,gymleader,Hitmonchan,Hitmonchan,Tyrogue,Y
Chuck,gymleader,Hitmonlee,Hitmonlee,Tyrogue,Y
Chuck,gymleader,Hitmontop,Hitmontop,Tyrogue,Y
Chuck,gymleader,Hypno,Hypno,Drowzee,Y
Chuck,gymleader,Machamp,Machamp,Machop,Y
Chuck,gymleader,Machoke,Machoke,Machop,Y
Chuck,gymleader,Medicham,Medicham,Meditite,Y
Chuck,gymleader,Poliwrath,Poliwrath,Poliwag,Y
Chuck,gymleader,Primeape,Primeape,Mankey,Y
Chuck,gymleader,Sandslash,Sandslash,Sandshrew,Y
Chuck,gymleader,Tyrogue,Tyrogue,Tyrogue,Y
Chuck,gymleader,Ursaring,Ursaring,Teddiursa,Y
Cilan,gymleader,Basculin,Basculin,Basculin,Y
Cilan,gymleader,Crustle,Crustle,Dwebble,Y
Cilan,gymleader,Dwebble,Dwebble,Dwebble,Y
Cilan,gymleader,Ferrothorn,Ferrothorn,Ferroseed,Y
Cilan,gymleader,Jumpluff,Jumpluff,Hoppip,Y
Cilan,gymleader,Lilligant,Lilligant,Petilil,Y
Cilan,gymleader,Lillipup,Lillipup,Lillipup,Y
Cilan,gymleader,Maractus,Maractus,Maractus,Y
Cilan,gymleader,Pansage,Pansage,Pansage,Y
Cilan,gymleader,Serperior,Serperior,Snivy,Y
Cilan,gymleader,Simisage,Simisage,Pansage,Y
Cilan,gymleader,Stunfisk,Stunfisk,Stunfisk,Y
Cilan,gymleader,Whimsicott,Whimsicott,Cottonee,Y
Clair,gymleader,Aerodactyl,Aerodactyl,Aerodactyl,Y
Clair,gymleader,Altaria,Altaria,Swablu,Y
Clair,gymleader,Ampharos,Ampharos,Mareep,Y
Clair,gymleader,Arcanine,Arcanine,Growlithe,Y
Clair,gymleader,Charizard,Charizard,Charmander,Y
Clair,gymleader,Dragonair,Dragonair,Dratini,Y
Clair,gymleader,Dragonite,Dragonite,Dratini,Y
Clair,gymleader,Drampa,Drampa,Drampa,Y
Clair,gymleader,Dratini,Dratini,Dratini,Y
Clair,gymleader,Druddigon,Druddigon,Druddigon,Y
Clair,gymleader,Garchomp,Garchomp,Gible,Y
Clair,gymleader,Gible,Gible,Gible,Y
Clair,gymleader,Gyarados,Gyarados,Magikarp,Y
Clair,gymleader,Kingdra,Kingdra,Horsea,Y
Clair,gymleader,Lapras,Lapras,Lapras,Y
Clair,gymleader,Nidoking,Nidoking,Nidoran♂,Y
Clair,gymleader,Rhydon,Rhydon,Rhyhorn,Y
Clair,gymleader,Salamence,Salamence,Bagon,Y
Clair,gymleader,Seadra,Seadra,Horsea,Y
Clay,gymleader,Claydol,Claydol,Baltoy,Y
Clay,gymleader,Excadrill,Excadrill,Drilbur,Y
Clay,gymleader,Flygon,Flygon,Trapinch,Y
Clay,gymleader,Golurk,Golurk,Golett,Y
Clay,gymleader,Krokorok,Krokorok,Sandile,Y
Clay,gymleader,Krookodile,Krookodile,Sandile,Y
Clay,gymleader,Mamoswine,Mamoswine,Swinub,Y
Clay,gymleader,Onix,Onix,Onix,Y
Clay,gymleader,Palpitoad,Palpitoad,Tympole,Y
Clay,gymleader,Sandslash,Sandslash,Sandshrew,Y
Clay,gymleader,Seismitoad,Seismitoad,Tympole,Y
Clemont,gymleader,Bunnelby,Bunnelby,Bunnelby,Y
Clemont,gymleader,Chespin,Chespin,Chespin,Y
Clemont,gymleader,Dedenne,Dedenne,Dedenne,Y
Clemont,gymleader,Diggersby,Diggersby,Bunnelby,Y
Clemont,gymleader,Electrike,Electrike,Electrike,Y
Clemont,gymleader,Emolga,Emolga,Emolga,Y
Clemont,gymleader,Heliolisk,Heliolisk,Helioptile,Y
Clemont,gymleader,Luxray,Luxray,Shinx,Y
Clemont,gymleader,Magnemite,Magnemite,Magnemite,Y
Clemont,gymleader,Magneton,Magneton,Magnemite,Y
Clemont,gymleader,Magnezone,Magnezone,Magnemite,Y
Clemont,gymleader,Manectric,Manectric,Electrike,Y
Clemont,gymleader,Mareep,Mareep,Mareep,Y
Clemont,gymleader,Pachirisu,Pachirisu,Pachirisu,Y
Clemont,gymleader,Stunfisk,Stunfisk,Stunfisk,Y
Clemont,gymleader,Voltorb,Voltorb,Voltorb,Y
Clover,villain,Abomasnow,Abomasnow,Snover,Y
Cogita,other,Enamorus,Enamorus,Enamorus,Y
Coin,villain,Toxicroak,Toxicroak,Croagunk,Y
Colress,villain,Beheeyem,Beheeyem,Elgyem,Y
Colress,villain,Electrode,Electrode,Voltorb,Y
Colress,villain,Elgyem,Elgyem,Elgyem,Y
Colress,villain,Genesect,Genesect,Genesect,Y
Colress,villain,Klink,Klink,Klink,Y
Colress,villain,Klinklang,Klinklang,Klink,Y
Colress,villain,Magnemite,Magnemite,Magnemite,Y
Colress,villain,Magneton,Magneton,Magnemite,Y
Colress,villain,Magnezone,Magnezone,Magnemite,Y
Colress,villain,Metagross,Metagross,Beldum,Y
Colress,villain,Metang,Metang,Beldum,Y
Colress,villain,Muk,Muk,Grimer,Y
Colress,villain,Porygon-Z,Porygon-Z,Porygon,Y
Colress,villain,Porygon2,Porygon2,Porygon,Y
Colress,villain,Rotom,Rotom,Rotom,Y
Crasher Wake,gymleader,Armaldo,Armaldo,Anorith,Y
Crasher Wake,gymleader,Buizel,Buizel,Buizel,Y
Crasher Wake,gymleader,Empoleon,Empoleon,Piplup,Y
Crasher Wake,gymleader,Floatzel,Floatzel,Buizel,Y
Crasher Wake,gymleader,Gastrodon,Gastrodon,Shellos,Y
Crasher Wake,gymleader,Gyarados,Gyarados,Magikarp,Y
Crasher Wake,gymleader,Huntail,Huntail,Clamperl,Y
Crasher Wake,gymleader,Kingdra,Kingdra,Horsea,Y
Crasher Wake,gymleader,Ludicolo,Ludicolo,Lotad,Y
Crasher Wake,gymleader,Lumineon,Lumineon,Finneon,Y
Crasher Wake,gymleader,Pelipper,Pelipper,Wingull,Y
Crasher Wake,gymleader,Piplup,Piplup,Piplup,Y
Crasher Wake,gymleader,Politoed,Politoed,Poliwag,Y
Crasher Wake,gymleader,Poliwrath,Poliwrath,Poliwag,Y
Crasher Wake,gymleader,Quagsire,Quagsire,Wooper,Y
Crasher Wake,gymleader,Scizor,Scizor,Scyther,Y
Crasher Wake,gymleader,Sharpedo,Sharpedo,Carvanha,Y
Crasher Wake,gymleader,Suicune,Suicune,Suicune,Y
Crasher Wake,gymleader,Swampert,Swampert,Mudkip,Y
Cress,gymleader,Azumarill,Azumarill,Azurill,Y
Cress,gymleader,Basculin,Basculin,Basculin,Y
Cress,gymleader,Crawdaunt,Crawdaunt,Corphish,Y
Cress,gymleader,Floatzel,Floatzel,Buizel,Y
Cress,gymleader,Golduck,Golduck,Psyduck,Y
Cress,gymleader,Lillipup,Lillipup,Lillipup,Y
Cress,gymleader,Panpour,Panpour,Panpour,Y
Cress,gymleader,Samurott,Samurott,Oshawott,Y
Cress,gymleader,Seismitoad,Seismitoad,Tympole,Y
Cress,gymleader,Simipour,Simipour,Panpour,Y
Cress,gymleader,Slowking,Slowking,Slowpoke,Y
Cyllene,galaxy,Abra,Abra,Abra,Y
Cynthia,champion,Braviary,Braviary,Rufflet,Y
Cynthia,champion,Eelektross,Eelektross,Tynamo,Y
Cynthia,champion,Feebas,Feebas,Feebas,Y
Cynthia,champion,Gabite,Gabite,Gible,Y
Cynthia,champion,Garchomp,Garchomp,Gible,Y
Cynthia,champion,Gastrodon,Gastrodon,Shellos,Y
Cynthia,champion,Gible,Gible,Gible,Y
Cynthia,champion,Giratina,Giratina,Giratina,Y
Cynthia,champion,Glaceon,Glaceon,Eevee,Y
Cynthia,champion,Kommo-o,Kommo-o,Jangmo-o,Y
Cynthia,champion,Lucario,Lucario,Riolu,Y
Cynthia,champion,Milotic,Milotic,Feebas,Y
Cynthia,champion,Porygon,Porygon,Porygon,Y
Cynthia,champion,Porygon-Z,Porygon-Z,Porygon,Y
Cynthia,champion,Roserade,Roserade,Budew,Y
Cynthia,champion,Spiritomb,Spiritomb,Spiritomb,Y
Cynthia,champion,Togekiss,Togekiss,Togepi,Y
Cynthia,champion,Togepi,Togepi,Togepi,Y
Cyrus,villain,Crobat,Crobat,Zubat,Y
Cyrus,villain,Darkrai,Darkrai,Darkrai,Y
Cyrus,villain,Dialga,Dialga,Dialga,Y
Cyrus,villain,Entei,Entei,Entei,Y
Cyrus,villain,Golbat,Golbat,Zubat,Y
Cyrus,villain,Gyarados,Gyarados,Magikarp,Y
Cyrus,villain,Honchkrow,Honchkrow,Murkrow,Y
Cyrus,villain,Houndoom,Houndoom,Houndour,Y
Cyrus,villain,Magneton,Magneton,Magnemite,Y
Cyrus,villain,Magnezone,Magnezone,Magnemite,Y
Cyrus,villain,Murkrow,Murkrow,Murkrow,Y
Cyrus,villain,Nosepass,Nosepass,Nosepass,Y
Cyrus,villain,Palkia,Palkia,Palkia,Y
Cyrus,villain,Probopass,Probopass,Nosepass,Y
Cyrus,villain,Rotom,Rotom,Rotom,Y
Cyrus,villain,Salamence,Salamence,Bagon,Y
Cyrus,villain,Sneasel,Sneasel,Sneasel,Y
Cyrus,villain,Weavile,Weavile,Sneasel,Y
Dahlia,frontier,Blaziken,Blaziken,Torchic,Y
Dahlia,frontier,Dusknoir,Dusknoir,Duskull,Y
Dahlia,frontier,Ludicolo,Ludicolo,Lotad,Y
Dahlia,frontier,Medicham,Medicham,Meditite,Y
Dahlia,frontier,Togekiss,Togekiss,Togepi,Y
Dahlia,frontier,Zapdos,Zapdos,Zapdos,Y
Darach,frontier,Empoleon,Empoleon,Piplup,Y
Darach,frontier,Entei,Entei,Entei,Y
Darach,frontier,Gallade,Gallade,Ralts,Y
Darach,frontier,Houndoom,Houndoom,Houndour,Y
Darach,frontier,Staraptor,Staraptor,Starly,Y
Dawn,protagonist,Alcremie,Alcremie,Milcery,Y
Dawn,protagonist,Ambipom,Ambipom,Aipom,Y
Dawn,protagonist,Arcanine,Arcanine,Growlithe,Y
Dawn,protagonist,Bellossom,Bellossom,Oddish,Y
Dawn,protagonist,Bidoof,Bidoof,Bidoof,Y
Dawn,protagonist,Blastoise,Blastoise,Squirtle,Y
Dawn,protagonist,Buizel,Buizel,Buizel,Y
Dawn,protagonist,Buneary,Buneary,Buneary,Y
Dawn,protagonist,Chimchar,Chimchar,Chimchar,Y
Dawn,protagonist,Clefable,Clefable,Cleffa,Y
Dawn,protagonist,Clefairy,Clefairy,Cleffa,Y
Dawn,protagonist,Cresselia,Cresselia,Cresselia,Y
Dawn,protagonist,Crobat,Crobat,Zubat,Y
Dawn,protagonist,Empoleon,Empoleon,Piplup,Y
Dawn,protagonist,Froslass,Froslass,Snorunt,Y
Dawn,protagonist,Gorebyss,Gorebyss,Clamperl,Y
Dawn,protagonist,Grotle,Grotle,Turtwig,Y
Dawn,protagonist,Honchkrow,Honchkrow,Murkrow,Y
Dawn,protagonist,Infernape,Infernape,Chimchar,Y
Dawn,protagonist,Kadabra,Kadabra,Abra,Y
Dawn,protagonist,Lickilicky,Lickilicky,Lickitung,Y
Dawn,protagonist,Lopunny,Lopunny,Buneary,Y
Dawn,protagonist,Magmortar,Magmortar,Magby,Y
Dawn,protagonist,Mamoswine,Mamoswine,Swinub,Y
Dawn,protagonist,Milotic,Milotic,Feebas,Y
Dawn,protagonist,Monferno,Monferno,Chimchar,Y
Dawn,protagonist,Mr. Mime,Mr. Mime,Mime Jr.,Y
Dawn,protagonist,Oricorio,Oricorio,Oricorio,Y
Dawn,protagonist,Oshawott,Oshawott,Oshawott,Y
Dawn,protagonist,Pachirisu,Pachirisu,Pachirisu,Y
Dawn,protagonist,Piplup,Piplup,Piplup,Y
Dawn,protagonist,Prinplup,Prinplup,Piplup,Y
Dawn,protagonist,Quilava,Quilava,Cyndaquil,Y
Dawn,protagonist,Sceptile,Sceptile,Treecko,Y
Dawn,protagonist,Tangrowth,Tangrowth,Tangela,Y
Dawn,protagonist,Togekiss,Togekiss,Togepi,Y
Dawn,protagonist,Torterra,Torterra,Turtwig,Y
Dawn,protagonist,Turtwig,Turtwig,Turtwig,Y
Dawn,protagonist,Typhlosion,Typhlosion,Cyndaquil,Y
Dawn,protagonist,Wormadam,Wormadam,Burmy,Y
Diantha,champion,Aurorus,Aurorus,Amaura,Y
Diantha,champion,Diancie,Diancie,Diancie,Y
Diantha,champion,Gardevoir,Gardevoir,Ralts,Y
Diantha,champion,Goodra,Goodra,Goomy,Y
Diantha,champion,Gourgeist,Gourgeist,Pumpkaboo,Y
Diantha,champion,Hawlucha,Hawlucha,Hawlucha,Y
Diantha,champion,Keldeo,Keldeo,Keldeo,Y
Diantha,champion,Ralts,Ralts,Ralts,Y
Diantha,champion,Tyrantrum,Tyrantrum,Tyrunt,Y
Drake,elite4,Altaria,Altaria,Swablu,Y
Drake,elite4,Bagon,Bagon,Bagon,Y
Drake,elite4,Dragalge,Dragalge,Skrelp,Y
Drake,elite4,Flygon,Flygon,Trapinch,Y
Drake,elite4,Haxorus,Haxorus,Axew,Y
Drake,elite4,Kingdra,Kingdra,Horsea,Y
Drake,elite4,Salamence,Salamence,Bagon,Y
Drake,elite4,Shelgon,Shelgon,Bagon,Y
Drasna,elite4,Altaria,Altaria,Swablu,Y
Drasna,elite4,Dragalge,Dragalge,Skrelp,Y
Drasna,elite4,Druddigon,Druddigon,Druddigon,Y
Drasna,elite4,Noivern,Noivern,Noibat,Y
Drayden,gymleader,Altaria,Altaria,Swablu,Y
Drayden,gymleader,Axew,Axew,Axew,Y
Drayden,gymleader,Deino,Deino,Deino,Y
Drayden,gymleader,Druddigon,Druddigon,Druddigon,Y
Drayden,gymleader,Flygon,Flygon,Trapinch,Y
Drayden,gymleader,Fraxure,Fraxure,Axew,Y
Drayden,gymleader,Haxorus,Haxorus,Axew,Y
Drayden,gymleader,Hydreigon,Hydreigon,Deino,Y
Drayden,gymleader,Salamence,Salamence,Bagon,Y
Drew,anime,Absol,Absol,Absol,Y
Drew,anime,Butterfree,Butterfree,Caterpie,Y
Drew,anime,Flygon,Flygon,Trapinch,Y
Drew,anime,Masquerain,Masquerain,Surskit,Y
Drew,anime,Roselia,Roselia,Budew,Y
Drew,anime,Roserade,Roserade,Budew,Y
Elesa,gymleader,Ampharos,Ampharos,Mareep,Y
Elesa,gymleader,Blitzle,Blitzle,Blitzle,Y
Elesa,gymleader,Eelektross,Eelektross,Tynamo,Y
Elesa,gymleader,Emolga,Emolga,Emolga,Y
Elesa,gymleader,Flaaffy,Flaaffy,Mareep,Y
Elesa,gymleader,Galvantula,Galvantula,Joltik,Y
Elesa,gymleader,Joltik,Joltik,Joltik,Y
Elesa,gymleader,Luxray,Luxray,Shinx,Y
Elesa,gymleader,Rotom,Rotom,Rotom,Y
Elesa,gymleader,Stunfisk,Stunfisk,Stunfisk,Y
Elesa,gymleader,Thundurus,Thundurus,Thundurus,Y
Elesa,gymleader,Togetic,Togetic,Togepi,Y
Elesa,gymleader,Tynamo,Tynamo,Tynamo,Y
Elesa,gymleader,Zebstrika,Zebstrika,Blitzle,Y
Elio,protagonist,Brionne,Brionne,Popplio,Y
Elio,protagonist,Buzzwole,Buzzwole,Buzzwole,Y
Elio,protagonist,Celesteela,Celesteela,Celesteela,Y
Elio,protagonist,Cosmoem,Cosmoem,Cosmog,Y
Elio,protagonist,Cosmog,Cosmog,Cosmog,Y
Elio,protagonist,Decidueye,Decidueye,Rowlet,Y
Elio,protagonist,Espeon,Espeon,Eevee,Y
Elio,protagonist,Guzzlord,Guzzlord,Guzzlord,Y
Elio,protagonist,Kartana,Kartana,Kartana,Y
Elio,protagonist,Litten,Litten,Litten,Y
Elio,protagonist,Lunala,Lunala,Cosmog,Y
Elio,protagonist,Necrozma,Necrozma,Necrozma,Y
Elio,protagonist,Nihilego,Nihilego,Nihilego,Y
Elio,protagonist,Pheromosa,Pheromosa,Pheromosa,Y
Elio,protagonist,Popplio,Popplio,Popplio,Y
Elio,protagonist,Primarina,Primarina,Popplio,Y
Elio,protagonist,Rockruff,Rockruff,Rockruff,Y
Elio,protagonist,Rotom,Rotom,Rotom,Y
Elio,protagonist,Rowlet,Rowlet,Rowlet,Y
Elio,protagonist,Solgaleo,Solgaleo,Cosmog,Y
Elio,protagonist,Stakataka,Stakataka,Stakataka,Y
Elio,protagonist,Type: Null,Type: Null,Type: Null,Y
Elio,protagonist,Xurkitree,Xurkitree,Xurkitree,Y
Elm,professor,Chikorita,Chikorita,Chikorita,Y
Elm,professor,Corsola,Corsola,Corsola,Y
Elm,professor,Cyndaquil,Cyndaquil,Cyndaquil,Y
Elm,professor,Sentret,Sentret,Sentret,Y
Elm,professor,Sudowoodo,Sudowoodo,Bonsly,Y
Elm,professor,Togepi,Togepi,Togepi,Y
Elm,professor,Togetic,Togetic,Togepi,Y
Elm,professor,Totodile,Totodile,Totodile,Y
Elm,professor,Tyranitar,Tyranitar,Larvitar,Y
Erika,gymleader,Abomasnow,Abomasnow,Snover,Y
Erika,gymleader,Bellossom,Bellossom,Oddish,Y
Erika,gymleader,Bellsprout,Bellsprout,Bellsprout,Y
Erika,gymleader,Blissey,Blissey,Happiny,Y
Erika,gymleader,Bulbasaur,Bulbasaur,Bulbasaur,Y
Erika,gymleader,Chansey,Chansey,Happiny,Y
Erika,gymleader,Clefable,Clefable,Cleffa,Y
Erika,gymleader,Clefairy,Clefairy,Cleffa,Y
Erika,gymleader,Comfey,Comfey,Comfey,Y
Erika,gymleader,Cradily,Cradily,Lileep,Y
Erika,gymleader,Dewgong,Dewgong,Seel,Y
Erika,gymleader,Eevee,Eevee,Eevee,Y
Erika,gymleader,Exeggcute,Exeggcute,Exeggcute,Y
Erika,gymleader,Exeggutor,Exeggutor,Exeggcute,Y
Erika,gymleader,Gloom,Gloom,Oddish,Y
Erika,gymleader,Jumpluff,Jumpluff,Hoppip,Y
Erika,gymleader,Leafeon,Leafeon,Eevee,Y
Erika,gymleader,Lilligant,Lilligant,Petilil,Y
Erika,gymleader,Lurantis,Lurantis,Fomantis,Y
Erika,gymleader,Mantine,Mantine,Mantyke,Y
Erika,gymleader,Marowak,Marowak,Cubone,Y
Erika,gymleader,Ninetales,Ninetales,Vulpix,Y
Erika,gymleader,Oddish,Oddish,Oddish,Y
Erika,gymleader,Paras,Paras,Paras,Y
Erika,gymleader,Parasect,Parasect,Paras,Y
Erika,gymleader,Roserade,Roserade,Budew,Y
Erika,gymleader,Shiftry,Shiftry,Seedot,Y
Erika,gymleader,Skiploom,Skiploom,Hoppip,Y
Erika,gymleader,Tangela,Tangela,Tangela,Y
Erika,gymleader,Tangrowth,Tangrowth,Tangela,Y
Erika,gymleader,Vaporeon,Vaporeon,Eevee,Y
Erika,gymleader,Venusaur,Venusaur,Bulbasaur,Y
Erika,gymleader,Victreebel,Victreebel,Bellsprout,Y
Erika,gymleader,Vileplume,Vileplume,Oddish,Y
Erika,gymleader,Weepinbell,Weepinbell,Bellsprout,Y
Erika,gymleader,Whimsicott,Whimsicott,Cottonee,Y
Ethan,protagonist,Bulbasaur,Bulbasaur,Bulbasaur,Y
Ethan,protagonist,Chikorita,Chikorita,Chikorita,Y
Ethan,protagonist,Cyndaquil,Cyndaquil,Cyndaquil,Y
Ethan,protagonist,Donphan,Donphan,Phanpy,Y
Ethan,protagonist,Ho-Oh,Ho-Oh,Ho-Oh,Y
Ethan,protagonist,Lugia,Lugia,Lugia,Y
Ethan,protagonist,Marill,Marill,Azurill,Y
Ethan,protagonist,Porygon,Porygon,Porygon,Y
Ethan,protagonist,Quilava,Quilava,Cyndaquil,Y
Ethan,protagonist,Raikou,Raikou,Raikou,Y
Ethan,protagonist,Rattata,Rattata,Rattata,Y
Ethan,protagonist,Tangela,Tangela,Tangela,Y
Ethan,protagonist,Tauros,Tauros,Tauros,Y
Ethan,protagonist,Totodile,Totodile,Totodile,Y
Ethan,protagonist,Typhlosion,Typhlosion,Cyndaquil,Y
Falkner,gymleader,Aerodactyl,Aerodactyl,Aerodactyl,Y
Falkner,gymleader,Articuno,Articuno,Articuno,Y
Falkner,gymleader,Charizard,Charizard,Charmander,Y
Falkner,gymleader,Crobat,Crobat,Zubat,Y
Falkner,gymleader,Delibird,Delibird,Delibird,Y
Falkner,gymleader,Dodrio,Dodrio,Doduo,Y
Falkner,gymleader,Farfetch'd,Farfetch’d,Farfetch’d,Y
Falkner,gymleader,Fearow,Fearow,Spearow,Y
Falkner,gymleader,Gligar,Gligar,Gligar,Y
Falkner,gymleader,Honchkrow,Honchkrow,Murkrow,Y
Falkner,gymleader,Hoothoot,Hoothoot,Hoothoot,Y
Falkner,gymleader,Lugia,Lugia,Lugia,Y
Falkner,gymleader,Natu,Natu,Natu,Y
Falkner,gymleader,Noctowl,Noctowl,Hoothoot,Y
Falkner,gymleader,Pelipper,Pelipper,Wingull,Y
Falkner,gymleader,Pidgeot,Pidgeot,Pidgey,Y
Falkner,gymleader,Pidgeotto,Pidgeotto,Pidgey,Y
Falkner,gymleader,Pidgey,Pidgey,Pidgey,Y
Falkner,gymleader,Skarmory,Skarmory,Skarmory,Y
Falkner,gymleader,Staraptor,Staraptor,Starly,Y
Falkner,gymleader,Swellow,Swellow,Taillow,Y
Falkner,gymleader,Togetic,Togetic,Togepi,Y
Falkner,gymleader,Xatu,Xatu,Natu,Y
Falkner,gymleader,Zapdos,Zapdos,Zapdos,Y
Fantina,gymleader,Banette,Banette,Shuppet,Y
Fantina,gymleader,Corphish,Corphish,Corphish,Y
Fantina,gymleader,Crawdaunt,Crawdaunt,Corphish,Y
Fantina,gymleader,Dragonite,Dragonite,Dratini,Y
Fantina,gymleader,Dratini,Dratini,Dratini,Y
Fantina,gymleader,Drifblim,Drifblim,Drifloon,Y
Fantina,gymleader,Drifloon,Drifloon,Drifloon,Y
Fantina,gymleader,Dusknoir,Dusknoir,Duskull,Y
Fantina,gymleader,Duskull,Duskull,Duskull,Y
Fantina,gymleader,Froslass,Froslass,Snorunt,Y
Fantina,gymleader,Gengar,Gengar,Gastly,Y
Fantina,gymleader,Giratina,Giratina,Giratina,Y
Fantina,gymleader,Haunter,Haunter,Gastly,Y
Fantina,gymleader,Jellicent,Jellicent,Frillish,Y
Fantina,gymleader,Misdreavus,Misdreavus,Misdreavus,Y
Fantina,gymleader,Mismagius,Mismagius,Misdreavus,Y
Fantina,gymleader,Nincada,Nincada,Nincada,Y
Fantina,gymleader,Rotom,Rotom,Rotom,Y
Fantina,gymleader,Sableye,Sableye,Sableye,Y
Fantina,gymleader,Shedinja,Shedinja,Nincada,Y
Fantina,gymleader,Spiritomb,Spiritomb,Spiritomb,Y
Flannery,gymleader,Arcanine,Arcanine,Growlithe,Y
Flannery,gymleader,Blaziken,Blaziken,Torchic,Y
Flannery,gymleader,Camerupt,Camerupt,Numel,Y
Flannery,gymleader,Chandelure,Chandelure,Litwick,Y
Flannery,gymleader,Combusken,Combusken,Torchic,Y
Flannery,gymleader,Growlithe,Growlithe,Growlithe,Y
Flannery,gymleader,Houndoom,Houndoom,Houndour,Y
Flannery,gymleader,Houndour,Houndour,Houndour,Y
Flannery,gymleader,Magcargo,Magcargo,Slugma,Y
Flannery,gymleader,Magmortar,Magmortar,Magby,Y
Flannery,gymleader,Numel,Numel,Numel,Y
Flannery,gymleader,Ponyta,Ponyta,Ponyta,Y
Flannery,gymleader,Rapidash,Rapidash,Ponyta,Y
Flannery,gymleader,Slugma,Slugma,Slugma,Y
Flannery,gymleader,Torkoal,Torkoal,Torkoal,Y
Flannery,gymleader,Vulpix,Vulpix,Vulpix,Y
Flint,elite4,Arcanine,Arcanine,Growlithe,Y
Flint,elite4,Blaziken,Blaziken,Torchic,Y
Flint,elite4,Chimchar,Chimchar,Chimchar,Y
Flint,elite4,Drifblim,Drifblim,Drifloon,Y
Flint,elite4,Electivire,Electivire,Elekid,Y
Flint,elite4,Entei,Entei,Entei,Y
Flint,elite4,Flareon,Flareon,Eevee,Y
Flint,elite4,Houndoom,Houndoom,Houndour,Y
Flint,elite4,Infernape,Infernape,Chimchar,Y
Flint,elite4,Jolteon,Jolteon,Eevee,Y
Flint,elite4,Lopunny,Lopunny,Buneary,Y
Flint,elite4,Luxray,Luxray,Shinx,Y
Flint,elite4,Magmortar,Magmortar,Magby,Y
Flint,elite4,Ninetales,Ninetales,Vulpix,Y
Flint,elite4,Rapidash,Rapidash,Ponyta,Y
Flint,elite4,Rotom,Rotom,Rotom,Y
Flint,elite4,Steelix,Steelix,Onix,Y
Flint,elite4,Torchic,Torchic,Torchic,Y
Gaeric,warden,Bergmite,Bergmite,Bergmite,Y
Gaeric,warden,Froslass,Froslass,Snorunt,Y
Gaeric,warden,Glalie,Glalie,Snorunt,Y
Gaeric,warden,Hisuian Avalugg,Avalugg-Hisui,Bergmite,Y
Gardenia,gymleader,Bellossom,Bellossom,Oddish,Y
Gardenia,gymleader,Breloom,Breloom,Shroomish,Y
Gardenia,gymleader,Bulbasaur,Bulbasaur,Bulbasaur,Y
Gardenia,gymleader,Carnivine,Carnivine,Carnivine,Y
Gardenia,gymleader,Cherrim,Cherrim,Cherubi,Y
Gardenia,gymleader,Cherubi,Cherubi,Cherubi,Y
Gardenia,gymleader,Cradily,Cradily,Lileep,Y
Gardenia,gymleader,Dhelmise,Dhelmise,Dhelmise,Y
Gardenia,gymleader,Feebas,Feebas,Feebas,Y
Gardenia,gymleader,Gloom,Gloom,Oddish,Y
Gardenia,gymleader,Jumpluff,Jumpluff,Hoppip,Y
Gardenia,gymleader,Leafeon,Leafeon,Eevee,Y
Gardenia,gymleader,Lileep,Lileep,Lileep,Y
Gardenia,gymleader,Milotic,Milotic,Feebas,Y
Gardenia,gymleader,Ninetales,Ninetales,Vulpix,Y
Gardenia,gymleader,Nuzleaf,Nuzleaf,Seedot,Y
Gardenia,gymleader,Roselia,Roselia,Budew,Y
Gardenia,gymleader,Roserade,Roserade,Budew,Y
Gardenia,gymleader,Rotom,Rotom,Rotom,Y
Gardenia,gymleader,Shiftry,Shiftry,Seedot,Y
Gardenia,gymleader,Sunflora,Sunflora,Sunkern,Y
Gardenia,gymleader,Tangrowth,Tangrowth,Tangela,Y
Gardenia,gymleader,Torterra,Torterra,Turtwig,Y
Gardenia,gymleader,Tropius,Tropius,Tropius,Y
Gardenia,gymleader,Turtwig,Turtwig,Turtwig,Y
Gardenia,gymleader,Venusaur,Venusaur,Bulbasaur,Y
Gardenia,gymleader,Victreebel,Victreebel,Bellsprout,Y
Gardenia,gymleader,Vileplume,Vileplume,Oddish,Y
Gardenia,gymleader,Vulpix,Vulpix,Vulpix,Y
Gary,anime,Alakazam,Alakazam,Abra,Y
Gary,anime,Arcanine,Arcanine,Growlithe,Y
Gary,anime,Beedrill,Beedrill,Weedle,Y
Gary,anime,Blastoise,Blastoise,Squirtle,Y
Gary,anime,Bulbasaur,Bulbasaur,Bulbasaur,Y
Gary,anime,Charizard,Charizard,Charmander,Y
Gary,anime,Charmander,Charmander,Charmander,Y
Gary,anime,Dodrio,Dodrio,Doduo,Y
Gary,anime,Doduo,Doduo,Doduo,Y
Gary,anime,Eevee,Eevee,Eevee,Y
Gary,anime,Electivire,Electivire,Elekid,Y
Gary,anime,Fearow,Fearow,Spearow,Y
Gary,anime,Golem,Golem,Geodude,Y
Gary,anime,Gyarados,Gyarados,Magikarp,Y
Gary,anime,Hatterene,Hatterene,Hatenna,Y
Gary,anime,Horsea,Horsea,Horsea,Y
Gary,anime,Houndoom,Houndoom,Houndour,Y
Gary,anime,Houndour,Houndour,Houndour,Y
Gary,anime,Kingdra,Kingdra,Horsea,Y
Gary,anime,Kingler,Kingler,Krabby,Y
Gary,anime,Krabby,Krabby,Krabby,Y
Gary,anime,Magmar,Magmar,Magby,Y
Gary,anime,Nidoking,Nidoking,Nidoran♂,Y
Gary,anime,Nidoqueen,Nidoqueen,Nidoran♀,Y
Gary,anime,Pidgeot,Pidgeot,Pidgey,Y
Gary,anime,Pinsir,Pinsir,Pinsir,Y
Gary,anime,Rapidash,Rapidash,Ponyta,Y
Gary,anime,Regidrago,Regidrago,Regidrago,Y
Gary,anime,Rhydon,Rhydon,Rhyhorn,Y
Gary,anime,Scizor,Scizor,Scyther,Y
Gary,anime,Skarmory,Skarmory,Skarmory,Y
Gary,anime,Slowbro,Slowbro,Slowpoke,Y
Gary,anime,Slowpoke,Slowpoke,Slowpoke,Y
Gary,anime,Spearow,Spearow,Spearow,Y
Gary,anime,Squirtle,Squirtle,Squirtle,Y
Gary,anime,Tyranitar,Tyranitar,Larvitar,Y
Gary,anime,Umbreon,Umbreon,Eevee,Y
Gary,anime,Venusaur,Venusaur,Bulbasaur,Y
Geeta,champion,Avalugg,Avalugg,Bergmite,Y
Geeta,champion,Chesnaught,Chesnaught,Chespin,Y
Geeta,champion,Dragapult,Dragapult,Dreepy,Y
Geeta,champion,Espathra,Espathra,Flittle,Y
Geeta,champion,Glimmet,Glimmet,Glimmet,Y
Geeta,champion,Glimmora,Glimmora,Glimmet,Y
Geeta,champion,Gogoat,Gogoat,Skiddo,Y
Geeta,champion,Kingambit,Kingambit,Pawniard,Y
Geeta,champion,Veluza,Veluza,Veluza,Y
Ghetsis,villain,Bisharp,Bisharp,Pawniard,Y
Ghetsis,villain,Bouffalant,Bouffalant,Bouffalant,Y
Ghetsis,villain,Cofagrigus,Cofagrigus,Yamask,Y
Ghetsis,villain,Drapion,Drapion,Skorupi,Y
Ghetsis,villain,Eelektross,Eelektross,Tynamo,Y
Ghetsis,villain,Hydreigon,Hydreigon,Deino,Y
Ghetsis,villain,Kyurem,Kyurem,Kyurem,Y
Ghetsis,villain,Larvesta,Larvesta,Larvesta,Y
Ghetsis,villain,Reshiram,Reshiram,Reshiram,Y
Ghetsis,villain,Seismitoad,Seismitoad,Tympole,Y
Ghetsis,villain,Toxicroak,Toxicroak,Croagunk,Y
Ghetsis,villain,Volcarona,Volcarona,Larvesta,Y
Ghetsis,villain,Zekrom,Zekrom,Zekrom,Y
Giovanni,villain,Amoonguss,Amoonguss,Foongus,Y
Giovanni,villain,Arcanine,Arcanine,Growlithe,Y
Giovanni,villain,Charizard,Charizard,Charmander,Y
Giovanni,villain,Charmander,Charmander,Charmander,Y
Giovanni,villain,Cloyster,Cloyster,Shellder,Y
Giovanni,villain,Diglett,Diglett,Diglett,Y
Giovanni,villain,Dugtrio,Dugtrio,Diglett,Y
Giovanni,villain,Exeggutor,Exeggutor,Exeggcute,Y
Giovanni,villain,Frillish,Frillish,Frillish,Y
Giovanni,villain,Garchomp,Garchomp,Gible,Y
Giovanni,villain,Gengar,Gengar,Gastly,Y
Giovanni,villain,Gliscor,Gliscor,Gligar,Y
Giovanni,villain,Golem,Golem,Geodude,Y
Giovanni,villain,Guzzlord,Guzzlord,Guzzlord,Y
Giovanni,villain,Gyarados,Gyarados,Magikarp,Y
Giovanni,villain,Hippowdon,Hippowdon,Hippopotas,Y
Giovanni,villain,Honchkrow,Honchkrow,Murkrow,Y
Giovanni,villain,Kangaskhan,Kangaskhan,Kangaskhan,Y
Giovanni,villain,Kingler,Kingler,Krabby,Y
Giovanni,villain,Koffing,Koffing,Koffing,Y
Giovanni,villain,Krookodile,Krookodile,Sandile,Y
Giovanni,villain,Machamp,Machamp,Machop,Y
Giovanni,villain,Marowak,Marowak,Cubone,Y
Giovanni,villain,Meowth,Meowth,Meowth,Y
Giovanni,villain,Mewtwo,Mewtwo,Mewtwo,Y
Giovanni,villain,Moltres,Moltres,Moltres,Y
Giovanni,villain,Nidoking,Nidoking,Nidoran♂,Y
Giovanni,villain,Nidoqueen,Nidoqueen,Nidoran♀,Y
Giovanni,villain,Nidorino,Nidorino,Nidoran♂,Y
Giovanni,villain,Onix,Onix,Onix,Y
Giovanni,villain,Persian,Persian,Meowth,Y
Giovanni,villain,Rhydon,Rhydon,Rhyhorn,Y
Giovanni,villain,Rhyhorn,Rhyhorn,Rhyhorn,Y
Giovanni,villain,Rhyperior,Rhyperior,Rhyhorn,Y
Giovanni,villain,Sandslash,Sandslash,Sandshrew,Y
Giovanni,villain,Tauros,Tauros,Tauros,Y
Giovanni,villain,Woobat,Woobat,Woobat,Y
Giovanni,villain,Yamask,Yamask,Yamask,Y
Glacia,elite4,Abomasnow,Abomasnow,Snover,Y
Glacia,elite4,Beartic,Beartic,Cubchoo,Y
Glacia,elite4,Froslass,Froslass,Snorunt,Y
Glacia,elite4,Glalie,Glalie,Snorunt,Y
Glacia,elite4,Sealeo,Sealeo,Spheal,Y
Glacia,elite4,Snorunt,Snorunt,Snorunt,Y
Glacia,elite4,Spheal,Spheal,Spheal,Y
Glacia,elite4,Vanilluxe,Vanilluxe,Vanillite,Y
Glacia,elite4,Walrein,Walrein,Spheal,Y
Gladion,rival,Blastoise,Blastoise,Squirtle,Y
Gladion,rival,Charizard,Charizard,Charmander,Y
Gladion,rival,Crobat,Crobat,Zubat,Y
Gladion,rival,Eevee,Eevee,Eevee,Y
Gladion,rival,Golbat,Golbat,Zubat,Y
Gladion,rival,Lucario,Lucario,Riolu,Y
Gladion,rival,Lycanroc,Lycanroc,Rockruff,Y
Gladion,rival,Magearna,Magearna,Magearna,Y
Gladion,rival,Nihilego,Nihilego,Nihilego,Y
Gladion,rival,Porygon,Porygon,Porygon,Y
Gladion,rival,Porygon-Z,Porygon-Z,Porygon,Y
Gladion,rival,Rockruff,Rockruff,Rockruff,Y
Gladion,rival,Silvally,Silvally,Type: Null,Y
Gladion,rival,Sneasel,Sneasel,Sneasel,Y
Gladion,rival,Type: Null,Type: Null,Type: Null,Y
Gladion,rival,Umbreon,Umbreon,Eevee,Y
Gladion,rival,Venusaur,Venusaur,Bulbasaur,Y
Gladion,rival,Weavile,Weavile,Sneasel,Y
Gladion,rival,Zoroark,Zoroark,Zorua,Y
Gladion,rival,Zorua,Zorua,Zorua,Y
Gladion,rival,Zubat,Zubat,Zubat,Y
Gloria,protagonist,Calyrex,Calyrex,Calyrex,Y
Gloria,protagonist,Cinderace,Cinderace,Scorbunny,Y
Gloria,protagonist,Eternatus,Eternatus,Eternatus,Y
Gloria,protagonist,Glastrier,Glastrier,Glastrier,Y
Gloria,protagonist,Grookey,Grookey,Grookey,Y
Gloria,protagonist,Inteleon,Inteleon,Sobble,Y
Gloria,protagonist,Scorbunny,Scorbunny,Scorbunny,Y
Gloria,protagonist,Sobble,Sobble,Sobble,Y
Gloria,protagonist,Spectrier,Spectrier,Spectrier,Y
Gloria,protagonist,Thwackey,Thwackey,Grookey,Y
Gloria,protagonist,Urshifu,Urshifu,Kubfu,Y
Gloria,protagonist,Zacian,Zacian,Zacian,Y
Gloria,protagonist,Zamazenta,Zamazenta,Zamazenta,Y
Goh,anime,Absol,Absol,Absol,Y
Goh,anime,Aerodactyl,Aerodactyl,Aerodactyl,Y
Goh,anime,Alcremie,Alcremie,Milcery,Y
Goh,anime,Altaria,Altaria,Swablu,Y
Goh,anime,Arctozolt,Arctozolt,Arctozolt,Y
Goh,anime,Ariados,Ariados,Spinarak,Y
Goh,anime,Beedrill,Beedrill,Weedle,Y
Goh,anime,Bellsprout,Bellsprout,Bellsprout,Y
Goh,anime,Binacle,Binacle,Binacle,Y
Goh,anime,Boldore,Boldore,Roggenrola,Y
Goh,anime,Bruxish,Bruxish,Bruxish,Y
Goh,anime,Bunnelby,Bunnelby,Bunnelby,Y
Goh,anime,Butterfree,Butterfree,Caterpie,Y
Goh,anime,Camerupt,Camerupt,Numel,Y
Goh,anime,Carvanha,Carvanha,Carvanha,Y
Goh,anime,Cascoon,Cascoon,Wurmple,Y
Goh,anime,Caterpie,Caterpie,Caterpie,Y
Goh,anime,Chinchou,Chinchou,Chinchou,Y
Goh,anime,Cinderace,Cinderace,Scorbunny,Y
Goh,anime,Corsola,Corsola,Corsola,Y
Goh,anime,Cubone,Cubone,Cubone,Y
Goh,anime,Cyndaquil,Cyndaquil,Cyndaquil,Y
Goh,anime,Darmanitan,Darmanitan,Darumaka,Y
Goh,anime,Dewgong,Dewgong,Seel,Y
Goh,anime,Diglett,Diglett,Diglett,Y
Goh,anime,Drizzile,Drizzile,Sobble,Y
Goh,anime,Drowzee,Drowzee,Drowzee,Y
Goh,anime,Dugtrio,Dugtrio,Diglett,Y
Goh,anime,Durant,Durant,Durant,Y
Goh,anime,Dustox,Dustox,Wurmple,Y
Goh,anime,Ekans,Ekans,Ekans,Y
Goh,anime,Eternatus,Eternatus,Eternatus,Y
Goh,anime,Exeggcute,Exeggcute,Exeggcute,Y
Goh,anime,Exeggutor,Exeggutor,Exeggcute,Y
Goh,anime,Falinks,Falinks,Falinks,Y
Goh,anime,Farfetch'd,Farfetch’d,Farfetch’d,Y
Goh,anime,Ferroseed,Ferroseed,Ferroseed,Y
Goh,anime,Ferrothorn,Ferrothorn,Ferroseed,Y
Goh,anime,Flabébé,Flabébé,Flabébé,Y
Goh,anime,Fletchling,Fletchling,Fletchling,Y
Goh,anime,Floette,Floette,Flabébé,Y
Goh,anime,Flygon,Flygon,Trapinch,Y
Goh,anime,Froakie,Froakie,Froakie,Y
Goh,anime,Frogadier,Frogadier,Froakie,Y
Goh,anime,Geodude,Geodude,Geodude,Y
Goh,anime,Golbat,Golbat,Zubat,Y
Goh,anime,Goldeen,Goldeen,Goldeen,Y
Goh,anime,Golurk,Golurk,Golett,Y
Goh,anime,Gossifleur,Gossifleur,Gossifleur,Y
Goh,anime,Graveler,Graveler,Geodude,Y
Goh,anime,Greedent,Greedent,Skwovet,Y
Goh,anime,Grimer,Grimer,Grimer,Y
Goh,anime,Grookey,Grookey,Grookey,Y
Goh,anime,Heracross,Heracross,Heracross,Y
Goh,anime,Hitmonchan,Hitmonchan,Tyrogue,Y
Goh,anime,Hoothoot,Hoothoot,Hoothoot,Y
Goh,anime,Inteleon,Inteleon,Sobble,Y
Goh,anime,Kakuna,Kakuna,Weedle,Y
Goh,anime,Kingdra,Kingdra,Horsea,Y
Goh,anime,Krabby,Krabby,Krabby,Y
Goh,anime,Lilligant,Lilligant,Petilil,Y
Goh,anime,Magikarp,Magikarp,Magikarp,Y
Goh,anime,Mankey,Mankey,Mankey,Y
Goh,anime,Mantyke,Mantyke,Mantyke,Y
Goh,anime,Metapod,Metapod,Caterpie,Y
Goh,anime,Milcery,Milcery,Milcery,Y
Goh,anime,Misdreavus,Misdreavus,Misdreavus,Y
Goh,anime,Morelull,Morelull,Morelull,Y
Goh,anime,Murkrow,Murkrow,Murkrow,Y
Goh,anime,Nidoran♀,Nidoran-F,Nidoran♀,Y
Goh,anime,Nidoran♂,Nidoran-M,Nidoran♂,Y
Goh,anime,Nincada,Nincada,Nincada,Y
Goh,anime,Ninetales,Ninetales,Vulpix,Y
Goh,anime,Numel,Numel,Numel,Y
Goh,anime,Oddish,Oddish,Oddish,Y
Goh,anime,Panpour,Panpour,Panpour,Y
Goh,anime,Pansear,Pansear,Pansear,Y
Goh,anime,Paras,Paras,Paras,Y
Goh,anime,Parasect,Parasect,Paras,Y
Goh,anime,Passimian,Passimian,Passimian,Y
Goh,anime,Petilil,Petilil,Petilil,Y
Goh,anime,Phantump,Phantump,Phantump,Y
Goh,anime,Pidgeotto,Pidgeotto,Pidgey,Y
Goh,anime,Pidgey,Pidgey,Pidgey,Y
Goh,anime,Pikachu,Pikachu,Pichu,Y
Goh,anime,Pineco,Pineco,Pineco,Y
Goh,anime,Pinsir,Pinsir,Pinsir,Y
Goh,anime,Poliwag,Poliwag,Poliwag,Y
Goh,anime,Pyukumuku,Pyukumuku,Pyukumuku,Y
Goh,anime,Raboot,Raboot,Scorbunny,Y
Goh,anime,Raichu,Raichu,Pichu,Y
Goh,anime,Raticate,Raticate,Rattata,Y
Goh,anime,Rattata,Rattata,Rattata,Y
Goh,anime,Regieleki,Regieleki,Regieleki,Y
Goh,anime,Roggenrola,Roggenrola,Roggenrola,Y
Goh,anime,Sandile,Sandile,Sandile,Y
Goh,anime,Scatterbug,Scatterbug,Scatterbug,Y
Goh,anime,Scizor,Scizor,Scyther,Y
Goh,anime,Scorbunny,Scorbunny,Scorbunny,Y
Goh,anime,Scyther,Scyther,Scyther,Y
Goh,anime,Seel,Seel,Seel,Y
Goh,anime,Sentret,Sentret,Sentret,Y
Goh,anime,Sharpedo,Sharpedo,Carvanha,Y
Goh,anime,Shedinja,Shedinja,Nincada,Y
Goh,anime,Skwovet,Skwovet,Skwovet,Y
Goh,anime,Slowking,Slowking,Slowpoke,Y
Goh,anime,Slowpoke,Slowpoke,Slowpoke,Y
Goh,anime,Sobble,Sobble,Sobble,Y
Goh,anime,Spearow,Spearow,Spearow,Y
Goh,anime,Spinarak,Spinarak,Spinarak,Y
Goh,anime,Stantler,Stantler,Stantler,Y
Goh,anime,Stunfisk,Stunfisk,Stunfisk,Y
Goh,anime,Suicune,Suicune,Suicune,Y
Goh,anime,Swablu,Swablu,Swablu,Y
Goh,anime,Taillow,Taillow,Taillow,Y
Goh,anime,Tentacool,Tentacool,Tentacool,Y
Goh,anime,Trapinch,Trapinch,Trapinch,Y
Goh,anime,Tyrogue,Tyrogue,Tyrogue,Y
Goh,anime,Venomoth,Venomoth,Venonat,Y
Goh,anime,Venonat,Venonat,Venonat,Y
Goh,anime,Vibrava,Vibrava,Trapinch,Y
Goh,anime,Voltorb,Voltorb,Voltorb,Y
Goh,anime,Weedle,Weedle,Weedle,Y
Goh,anime,Wingull,Wingull,Wingull,Y
Goh,anime,Wurmple,Wurmple,Wurmple,Y
Goh,anime,Zubat,Zubat,Zubat,Y
Gordie,gymleader,Barbaracle,Barbaracle,Binacle,Y
Gordie,gymleader,Coalossal,Coalossal,Rolycoly,Y
Gordie,gymleader,Shuckle,Shuckle,Shuckle,Y
Gordie,gymleader,Stonjourne,Stonjourner,Stonjourner,Y
Gordie,gymleader,Stonjourner,Stonjourner,Stonjourner,Y
Gordie,gymleader,Tyranitar,Tyranitar,Larvitar,Y
Grant,gymleader,Amaura,Amaura,Amaura,Y
Grant,gymleader,Aurorus,Aurorus,Amaura,Y
Grant,gymleader,Onix,Onix,Onix,Y
Grant,gymleader,Tyrantrum,Tyrantrum,Tyrunt,Y
Grant,gymleader,Tyrunt,Tyrunt,Tyrunt,Y
Greta,frontier,Breloom,Breloom,Shroomish,Y
Greta,frontier,Gengar,Gengar,Gastly,Y
Greta,frontier,Hariyama,Hariyama,Makuhita,Y
Greta,frontier,Heracross,Heracross,Heracross,Y
Greta,frontier,Medicham,Medicham,Meditite,Y
Greta,frontier,Shedinja,Shedinja,Nincada,Y
Greta,frontier,Umbreon,Umbreon,Eevee,Y
Grimsley,elite4,Absol,Absol,Absol,Y
Grimsley,elite4,Bisharp,Bisharp,Pawniard,Y
Grimsley,elite4,Drapion,Drapion,Skorupi,Y
Grimsley,elite4,Honchkrow,Honchkrow,Murkrow,Y
Grimsley,elite4,Houndoom,Houndoom,Houndour,Y
Grimsley,elite4,Krookodile,Krookodile,Sandile,Y
Grimsley,elite4,Liepard,Liepard,Purrloin,Y
Grimsley,elite4,Scrafty,Scrafty,Scraggy,Y
Grimsley,elite4,Sharpedo,Sharpedo,Carvanha,Y
Grimsley,elite4,Tyranitar,Tyranitar,Larvitar,Y
Grusha,gymleader,Altaria,Altaria,Swablu,Y
Grusha,gymleader,Beartic,Beartic,Cubchoo,Y
Grusha,gymleader,Cetitan,Cetitan,Cetoddle,Y
Grusha,gymleader,Cetoddle,Cetoddle,Cetoddle,Y
Grusha,gymleader,Frosmoth,Frosmoth,Snom,Y
Grusha,gymleader,Ninetales,Ninetales,Vulpix,Y
Grusha,gymleader,Weavile,Weavile,Sneasel,Y
Guzma,villain,Ariados,Ariados,Spinarak,Y
Guzma,villain,Bisharp,Bisharp,Pawniard,Y
Guzma,villain,Buzzwole,Buzzwole,Buzzwole,Y
Guzma,villain,Golisopod,Golisopod,Wimpod,Y
Guzma,villain,Honchkrow,Honchkrow,Murkrow,Y
Guzma,villain,Liepard,Liepard,Purrloin,Y
Guzma,villain,Masquerain,Masquerain,Surskit,Y
Guzma,villain,Pinsir,Pinsir,Pinsir,Y
Guzma,villain,Scizor,Scizor,Scyther,Y
Guzma,villain,Toxapex,Toxapex,Mareanie,Y
Guzma,villain,Toxicroak,Toxicroak,Croagunk,Y
Guzma,villain,Vikavolt,Vikavolt,Grubbin,Y
Guzma,villain,Wimpod,Wimpod,Wimpod,Y
Hala,gymleader,Bewear,Bewear,Stufful,Y
Hala,gymleader,Brionne,Brionne,Popplio,Y
Hala,gymleader,Crabominable,Crabominable,Crabrawler,Y
Hala,gymleader,Crabrawler,Crabrawler,Crabrawler,Y
Hala,gymleader,Decidueye,Decidueye,Rowlet,Y
Hala,gymleader,Hariyama,Hariyama,Makuhita,Y
Hala,gymleader,Litten,Litten,Litten,Y
Hala,gymleader,Machamp,Machamp,Machop,Y
Hala,gymleader,Machop,Machop,Machop,Y
Hala,gymleader,Makuhita,Makuhita,Makuhita,Y
Hala,gymleader,Mankey,Mankey,Mankey,Y
Hala,gymleader,Poliwrath,Poliwrath,Poliwag,Y
Hala,gymleader,Popplio,Popplio,Popplio,Y
Hala,gymleader,Primarina,Primarina,Popplio,Y
Hala,gymleader,Primeape,Primeape,Mankey,Y
Hala,gymleader,Rowlet,Rowlet,Rowlet,Y
Hapu,gymleader,Dugtrio,Dugtrio,Diglett,Y
Hapu,gymleader,Flygon,Flygon,Trapinch,Y
Hapu,gymleader,Gastrodon,Gastrodon,Shellos,Y
Hapu,gymleader,Golurk,Golurk,Golett,Y
Hapu,gymleader,Krookodile,Krookodile,Sandile,Y
Hapu,gymleader,Mudsdale,Mudsdale,Mudbray,Y
Hassel,elite4,Archaludon,Archaludon,Duraludon,Y
Hassel,elite4,Arctibax,Arctibax,Frigibax,Y
Hassel,elite4,Baxcalibur,Baxcalibur,Frigibax,Y
Hassel,elite4,Dragalge,Dragalge,Skrelp,Y
Hassel,elite4,Dragonite,Dragonite,Dratini,Y
Hassel,elite4,Duraludon,Duraludon,Duraludon,Y
Hassel,elite4,Flapple,Flapple,Applin,Y
Hassel,elite4,Gible,Gible,Gible,Y
Hassel,elite4,Haxorus,Haxorus,Axew,Y
Hassel,elite4,Noivern,Noivern,Noibat,Y
Hau,champion,Blacefalon,Blacephalon,Blacephalon,Y
Hau,champion,Blacephalon,Blacephalon,Blacephalon,Y
Hau,champion,Brionne,Brionne,Popplio,Y
Hau,champion,Crabominable,Crabominable,Crabrawler,Y
Hau,champion,Crabrawler,Crabrawler,Crabrawler,Y
Hau,champion,Dartrix,Dartrix,Rowlet,Y
Hau,champion,Decidueye,Decidueye,Rowlet,Y
Hau,champion,Eevee,Eevee,Eevee,Y
Hau,champion,Flareon,Flareon,Eevee,Y
Hau,champion,Incineroar,Incineroar,Litten,Y
Hau,champion,Komala,Komala,Komala,Y
Hau,champion,Leafeon,Leafeon,Eevee,Y
Hau,champion,Litten,Litten,Litten,Y
Hau,champion,Noibat,Noibat,Noibat,Y
Hau,champion,Noivern,Noivern,Noibat,Y
Hau,champion,Pichu,Pichu,Pichu,Y
Hau,champion,Pikachu,Pikachu,Pichu,Y
Hau,champion,Popplio,Popplio,Popplio,Y
Hau,champion,Primarina,Primarina,Popplio,Y
Hau,champion,Raichu,Raichu,Pichu,Y
Hau,champion,Rowlet,Rowlet,Rowlet,Y
Hau,champion,Stakataka,Stakataka,Stakataka,Y
Hau,champion,Tapu Koko,Tapu Koko,Tapu Koko,Y
Hau,champion,Tauros,Tauros,Tauros,Y
Hau,champion,Torracat,Torracat,Litten,Y
Hau,champion,Vaporeon,Vaporeon,Eevee,Y
Hilbert,protagonist,Accelgor,Accelgor,Shelmet,Y
Hilbert,protagonist,Alomomola,Alomomola,Alomomola,Y
Hilbert,protagonist,Amoonguss,Amoonguss,Foongus,Y
Hilbert,protagonist,Archen,Archen,Archen,Y
Hilbert,protagonist,Archeops,Archeops,Archen,Y
Hilbert,protagonist,Audino,Audino,Audino,Y
Hilbert,protagonist,Axew,Axew,Axew,Y
Hilbert,protagonist,Beartic,Beartic,Cubchoo,Y
Hilbert,protagonist,Bisharp,Bisharp,Pawniard,Y
Hilbert,protagonist,Bouffalant,Bouffalant,Bouffalant,Y
Hilbert,protagonist,Braviary,Braviary,Rufflet,Y
Hilbert,protagonist,Chandelure,Chandelure,Litwick,Y
Hilbert,protagonist,Cofagrigus,Cofagrigus,Yamask,Y
Hilbert,protagonist,Conkeldurr,Conkeldurr,Timburr,Y
Hilbert,protagonist,Cryogonal,Cryogonal,Cryogonal,Y
Hilbert,protagonist,Cubchoo,Cubchoo,Cubchoo,Y
Hilbert,protagonist,Darmanitan,Darmanitan,Darumaka,Y
Hilbert,protagonist,Dewott,Dewott,Oshawott,Y
Hilbert,protagonist,Drilbur,Drilbur,Drilbur,Y
Hilbert,protagonist,Druddigon,Druddigon,Druddigon,Y
Hilbert,protagonist,Durant,Durant,Durant,Y
Hilbert,protagonist,Eelektross,Eelektross,Tynamo,Y
Hilbert,protagonist,Escavalier,Escavalier,Karrablast,Y
Hilbert,protagonist,Excadrill,Excadrill,Drilbur,Y
Hilbert,protagonist,Ferroseed,Ferroseed,Ferroseed,Y
Hilbert,protagonist,Ferrothorn,Ferrothorn,Ferroseed,Y
Hilbert,protagonist,Foongus,Foongus,Foongus,Y
Hilbert,protagonist,Frillish,Frillish,Frillish,Y
Hilbert,protagonist,Genesect,Genesect,Genesect,Y
Hilbert,protagonist,Gigalith,Gigalith,Roggenrola,Y
Hilbert,protagonist,Glaceon,Glaceon,Eevee,Y
Hilbert,protagonist,Golurk,Golurk,Golett,Y
Hilbert,protagonist,Gothita,Gothita,Gothita,Y
Hilbert,protagonist,Gothitelle,Gothitelle,Gothita,Y
Hilbert,protagonist,Haxorus,Haxorus,Axew,Y
Hilbert,protagonist,Jellicent,Jellicent,Frillish,Y
Hilbert,protagonist,Karrablast,Karrablast,Karrablast,Y
Hilbert,protagonist,Klink,Klink,Klink,Y
Hilbert,protagonist,Klinklang,Klinklang,Klink,Y
Hilbert,protagonist,Krookodile,Krookodile,Sandile,Y
Hilbert,protagonist,Kyurem,Kyurem,Kyurem,Y
Hilbert,protagonist,Lilligant,Lilligant,Petilil,Y
Hilbert,protagonist,Litwick,Litwick,Litwick,Y
Hilbert,protagonist,Mandibuzz,Mandibuzz,Vullaby,Y
Hilbert,protagonist,Mienfoo,Mienfoo,Mienfoo,Y
Hilbert,protagonist,Mienshao,Mienshao,Mienfoo,Y
Hilbert,protagonist,Mightyena,Mightyena,Poochyena,Y
Hilbert,protagonist,Munna,Munna,Munna,Y
Hilbert,protagonist,Musharna,Musharna,Munna,Y
Hilbert,protagonist,Oshawott,Oshawott,Oshawott,Y
Hilbert,protagonist,Pawniard,Pawniard,Pawniard,Y
Hilbert,protagonist,Petilil,Petilil,Petilil,Y
Hilbert,protagonist,Reshiram,Reshiram,Reshiram,Y
Hilbert,protagonist,Reuniclus,Reuniclus,Solosis,Y
Hilbert,protagonist,Roggenrola,Roggenrola,Roggenrola,Y
Hilbert,protagonist,Rufflet,Rufflet,Rufflet,Y
Hilbert,protagonist,Samurott,Samurott,Oshawott,Y
Hilbert,protagonist,Sandile,Sandile,Sandile,Y
Hilbert,protagonist,Sawk,Sawk,Sawk,Y
Hilbert,protagonist,Scrafty,Scrafty,Scraggy,Y
Hilbert,protagonist,Scraggy,Scraggy,Scraggy,Y
Hilbert,protagonist,Shelmet,Shelmet,Shelmet,Y
Hilbert,protagonist,Snivy,Snivy,Snivy,Y
Hilbert,protagonist,Solosis,Solosis,Solosis,Y
Hilbert,protagonist,Tepig,Tepig,Tepig,Y
Hilbert,protagonist,Throh,Throh,Throh,Y
Hilbert,protagonist,Thundurus,Thundurus,Thundurus,Y
Hilbert,protagonist,Timburr,Timburr,Timburr,Y
Hilbert,protagonist,Tynamo,Tynamo,Tynamo,Y
Hilbert,protagonist,Vanillite,Vanillite,Vanillite,Y
Hilbert,protagonist,Vanilluxe,Vanilluxe,Vanillite,Y
Hilbert,protagonist,Vullaby,Vullaby,Vullaby,Y
Hilbert,protagonist,Yamask,Yamask,Yamask,Y
Hilbert,protagonist,Zekrom,Zekrom,Zekrom,Y
Hilda,protagonist,Accelgor,Accelgor,Shelmet,Y
Hilda,protagonist,Alomomola,Alomomola,Alomomola,Y
Hilda,protagonist,Amoonguss,Amoonguss,Foongus,Y
Hilda,protagonist,Archeops,Archeops,Archen,Y
Hilda,protagonist,Audino,Audino,Audino,Y
Hilda,protagonist,Beartic,Beartic,Cubchoo,Y
Hilda,protagonist,Bisharp,Bisharp,Pawniard,Y
Hilda,protagonist,Bouffalant,Bouffalant,Bouffalant,Y
Hilda,protagonist,Braviary,Braviary,Rufflet,Y
Hilda,protagonist,Chandelure,Chandelure,Litwick,Y
Hilda,protagonist,Clobbopus,Clobbopus,Clobbopus,Y
Hilda,protagonist,Cofagrigus,Cofagrigus,Yamask,Y
Hilda,protagonist,Conkeldurr,Conkeldurr,Timburr,Y
Hilda,protagonist,Cryogonal,Cryogonal,Cryogonal,Y
Hilda,protagonist,Darmanitan,Darmanitan,Darumaka,Y
Hilda,protagonist,Diancie,Diancie,Diancie,Y
Hilda,protagonist,Druddigon,Druddigon,Druddigon,Y
Hilda,protagonist,Durant,Durant,Durant,Y
Hilda,protagonist,Eelektross,Eelektross,Tynamo,Y
Hilda,protagonist,Emboar,Emboar,Tepig,Y
Hilda,protagonist,Escavalier,Escavalier,Karrablast,Y
Hilda,protagonist,Excadrill,Excadrill,Drilbur,Y
Hilda,protagonist,Ferrothorn,Ferrothorn,Ferroseed,Y
Hilda,protagonist,Gigalith,Gigalith,Roggenrola,Y
Hilda,protagonist,Golurk,Golurk,Golett,Y
Hilda,protagonist,Gothitelle,Gothitelle,Gothita,Y
Hilda,protagonist,Grapploct,Grapploct,Clobbopus,Y
Hilda,protagonist,Haxorus,Haxorus,Axew,Y
Hilda,protagonist,Iron Leaves,Iron Leaves,Iron Leaves,Y
Hilda,protagonist,IronLeaves,Iron Leaves,Iron Leaves,Y
Hilda,protagonist,Jellicent,Jellicent,Frillish,Y
Hilda,protagonist,Klinklang,Klinklang,Klink,Y
Hilda,protagonist,Krookodile,Krookodile,Sandile,Y
Hilda,protagonist,Leafeon,Leafeon,Eevee,Y
Hilda,protagonist,Lilligant,Lilligant,Petilil,Y
Hilda,protagonist,Mandibuzz,Mandibuzz,Vullaby,Y
Hilda,protagonist,Mienfoo,Mienfoo,Mienfoo,Y
Hilda,protagonist,Mienshao,Mienshao,Mienfoo,Y
Hilda,protagonist,Musharna,Musharna,Munna,Y
Hilda,protagonist,Oshawott,Oshawott,Oshawott,Y
Hilda,protagonist,Pignite,Pignite,Tepig,Y
Hilda,protagonist,Reshiram,Reshiram,Reshiram,Y
Hilda,protagonist,Reuniclus,Reuniclus,Solosis,Y
Hilda,protagonist,Sawk,Sawk,Sawk,Y
Hilda,protagonist,Scrafty,Scrafty,Scraggy,Y
Hilda,protagonist,Snivy,Snivy,Snivy,Y
Hilda,protagonist,Tepig,Tepig,Tepig,Y
Hilda,protagonist,Throh,Throh,Throh,Y
Hilda,protagonist,Tornadus,Tornadus,Tornadus,Y
Hilda,protagonist,Vanilluxe,Vanilluxe,Vanillite,Y
Hilda,protagonist,Victini,Victini,Victini,Y
Hilda,protagonist,Zekrom,Zekrom,Zekrom,Y
Hop,rival,Boltund,Boltund,Yamper,Y
Hop,rival,Cinderace,Cinderace,Scorbunny,Y
Hop,rival,Corviknight,Corviknight,Rookidee,Y
Hop,rival,Corvisquire,Corvisquire,Rookidee,Y
Hop,rival,Cramorant,Cramorant,Cramorant,Y
Hop,rival,Dubwool,Dubwool,Wooloo,Y
Hop,rival,Heatmor,Heatmor,Heatmor,Y
Hop,rival,Inteleon,Inteleon,Sobble,Y
Hop,rival,Phantump,Phantump,Phantump,Y
Hop,rival,Pincurchin,Pincurchin,Pincurchin,Y
Hop,rival,Regice,Regice,Regice,Y
Hop,rival,Regirock,Regirock,Regirock,Y
Hop,rival,Registeel,Registeel,Registeel,Y
Hop,rival,Rillaboom,Rillaboom,Grookey,Y
Hop,rival,Rookidee,Rookidee,Rookidee,Y
Hop,rival,Silicobra,Silicobra,Silicobra,Y
Hop,rival,Snorlax,Snorlax,Munchlax,Y
Hop,rival,Toxel,Toxel,Toxel,Y
Hop,rival,Toxtricity,Toxtricity,Toxel,Y
Hop,rival,Trevenant,Trevenant,Phantump,Y
Hop,rival,Wooloo,Wooloo,Wooloo,Y
Hop,rival,Yamper,Yamper,Yamper,Y
Hop,rival,Zacian,Zacian,Zacian,Y
Hop,rival,Zamazenta,Zamazenta,Zamazenta,Y
Hop,rival,Zapdos,Zapdos,Zapdos,Y
Hugh,rival,Bouffalant,Bouffalant,Bouffalant,Y
Hugh,rival,Dewott,Dewott,Oshawott,Y
Hugh,rival,Eelektross,Eelektross,Tynamo,Y
Hugh,rival,Emboar,Emboar,Tepig,Y
Hugh,rival,Flygon,Flygon,Trapinch,Y
Hugh,rival,Oshawott,Oshawott,Oshawott,Y
Hugh,rival,Pidove,Pidove,Pidove,Y
Hugh,rival,Pignite,Pignite,Tepig,Y
Hugh,rival,Purrloin,Purrloin,Purrloin,Y
Hugh,rival,Samurott,Samurott,Oshawott,Y
Hugh,rival,Serperior,Serperior,Snivy,Y
Hugh,rival,Servine,Servine,Snivy,Y
Hugh,rival,Simipour,Simipour,Panpour,Y
Hugh,rival,Simisage,Simisage,Pansage,Y
Hugh,rival,Simisear,Simisear,Pansear,Y
Hugh,rival,Snivy,Snivy,Snivy,Y
Hugh,rival,Tepig,Tepig,Tepig,Y
Hugh,rival,Tranquill,Tranquill,Pidove,Y
Hugh,rival,Trapinch,Trapinch,Trapinch,Y
Hugh,rival,Tynamo,Tynamo,Tynamo,Y
Hugh,rival,Unfezant,Unfezant,Pidove,Y
Hugh,rival,Vibrava,Vibrava,Trapinch,Y
Ingo,frontier,Alakazam,Alakazam,Abra,Y
Ingo,frontier,Basculegion,Basculegion,Basculin,Y
Ingo,frontier,Chandelure,Chandelure,Litwick,Y
Ingo,frontier,Crustle,Crustle,Dwebble,Y
Ingo,frontier,Excadrill,Excadrill,Drilbur,Y
Ingo,frontier,Garbodor,Garbodor,Trubbish,Y
Ingo,frontier,Gliscor,Gliscor,Gligar,Y
Ingo,frontier,Gurdurr,Gurdurr,Timburr,Y
Ingo,frontier,Haxorus,Haxorus,Axew,Y
Ingo,frontier,Kleavor,Kleavor,Scyther,Y
Ingo,frontier,Klinklang,Klinklang,Klink,Y
Ingo,frontier,Machoke,Machoke,Machop,Y
Ingo,frontier,Magnezone,Magnezone,Magnemite,Y
Ingo,frontier,Probopass,Probopass,Nosepass,Y
Ingo,frontier,Sneasler,Sneasler,Sneasel,Y
Ingo,frontier,Tangela,Tangela,Tangela,Y
Ingo,frontier,Wyrdeer,Wyrdeer,Stantler,Y
Iono,gymleader,Bellibolt,Bellibolt,Tadbulb,Y
Iono,gymleader,Electivire,Electivire,Elekid,Y
Iono,gymleader,Electrode,Electrode,Voltorb,Y
Iono,gymleader,Flutter Mane,Flutter Mane,Flutter Mane,Y
Iono,gymleader,FluttrMane,Flutter Mane,Flutter Mane,Y
Iono,gymleader,Kilowattrel,Kilowattrel,Wattrel,Y
Iono,gymleader,Luxio,Luxio,Shinx,Y
Iono,gymleader,Luxray,Luxray,Shinx,Y
Iono,gymleader,Magnemite,Magnemite,Magnemite,Y
Iono,gymleader,Mismagius,Mismagius,Misdreavus,Y
Iono,gymleader,Raging Bolt,Raging Bolt,Raging Bolt,Y
Iono,gymleader,RagingBolt,Raging Bolt,Raging Bolt,Y
Iono,gymleader,Tadbulb,Tadbulb,Tadbulb,Y
Iono,gymleader,Voltorb,Voltorb,Voltorb,Y
Iono,gymleader,Wattrel,Wattrel,Wattrel,Y
Irida,rival,Eevee,Eevee,Eevee,Y
Irida,rival,Espeon,Espeon,Eevee,Y
Irida,rival,Flareon,Flareon,Eevee,Y
Irida,rival,Glaceon,Glaceon,Eevee,Y
Iris,champion,Aggron,Aggron,Aron,Y
Iris,champion,Archeops,Archeops,Archen,Y
Iris,champion,Axew,Axew,Axew,Y
Iris,champion,Dragonite,Dragonite,Dratini,Y
Iris,champion,Druddigon,Druddigon,Druddigon,Y
Iris,champion,Emolga,Emolga,Emolga,Y
Iris,champion,Excadrill,Excadrill,Drilbur,Y
Iris,champion,Fraxure,Fraxure,Axew,Y
Iris,champion,Garchomp,Garchomp,Gible,Y
Iris,champion,Gible,Gible,Gible,Y
Iris,champion,Haxorus,Haxorus,Axew,Y
Iris,champion,Hydreigon,Hydreigon,Deino,Y
Iris,champion,Lapras,Lapras,Lapras,Y
Iris,champion,Naganadel,Naganadel,Poipole,Y
Iris,champion,Salamence,Salamence,Bagon,Y
Iscan,warden,Basculegion,Basculegion,Basculin,Y
James,anime,Amoonguss,Amoonguss,Foongus,Y
James,anime,Cacnea,Cacnea,Cacnea,Y
James,anime,Carnivine,Carnivine,Carnivine,Y
James,anime,Chimecho,Chimecho,Chingling,Y
James,anime,Growlithe,Growlithe,Growlithe,Y
James,anime,Gyarados,Gyarados,Magikarp,Y
James,anime,Inkay,Inkay,Inkay,Y
James,anime,Koffing,Koffing,Koffing,Y
James,anime,Magikarp,Magikarp,Magikarp,Y
James,anime,Mareanie,Mareanie,Mareanie,Y
James,anime,Mime Jr.,Mime Jr.,Mime Jr.,Y
James,anime,Mime jr.,Mime Jr.,Mime Jr.,Y
James,anime,Morpeko,Morpeko,Morpeko,Y
James,anime,Numel,Numel,Numel,Y
James,anime,Toxapex,Toxapex,Mareanie,Y
James,anime,Victreebel,Victreebel,Bellsprout,Y
James,anime,Weezing,Weezing,Koffing,Y
James,anime,Yamask,Yamask,Yamask,Y
Janine,gymleader,Arbok,Arbok,Ekans,Y
Janine,gymleader,Ariados,Ariados,Spinarak,Y
Janine,gymleader,Crobat,Crobat,Zubat,Y
Janine,gymleader,Drapion,Drapion,Skorupi,Y
Janine,gymleader,Forretress,Forretress,Pineco,Y
Janine,gymleader,Girafarig,Girafarig,Girafarig,Y
Janine,gymleader,Gligar,Gligar,Gligar,Y
Janine,gymleader,Grimer,Grimer,Grimer,Y
Janine,gymleader,Meganium,Meganium,Chikorita,Y
Janine,gymleader,Muk,Muk,Grimer,Y
Janine,gymleader,Nidoqueen,Nidoqueen,Nidoran♀,Y
Janine,gymleader,Roserade,Roserade,Budew,Y
Janine,gymleader,Stantler,Stantler,Stantler,Y
Janine,gymleader,Tentacruel,Tentacruel,Tentacool,Y
Janine,gymleader,Toxicroak,Toxicroak,Croagunk,Y
Janine,gymleader,Vaporeon,Vaporeon,Eevee,Y
Janine,gymleader,Venomoth,Venomoth,Venonat,Y
Janine,gymleader,Weezing,Weezing,Koffing,Y
Jasmine,gymleader,Ampharos,Ampharos,Mareep,Y
Jasmine,gymleader,Blastoise,Blastoise,Squirtle,Y
Jasmine,gymleader,Bronzong,Bronzong,Bronzor,Y
Jasmine,gymleader,Celesteela,Celesteela,Celesteela,Y
Jasmine,gymleader,Corsola,Corsola,Corsola,Y
Jasmine,gymleader,Empoleon,Empoleon,Piplup,Y
Jasmine,gymleader,Excadrill,Excadrill,Drilbur,Y
Jasmine,gymleader,Ferrothorn,Ferrothorn,Ferroseed,Y
Jasmine,gymleader,Forretress,Forretress,Pineco,Y
Jasmine,gymleader,Klinklang,Klinklang,Klink,Y
Jasmine,gymleader,Lucario,Lucario,Riolu,Y
Jasmine,gymleader,Magnemite,Magnemite,Magnemite,Y
Jasmine,gymleader,Magneton,Magneton,Magnemite,Y
Jasmine,gymleader,Magnezone,Magnezone,Magnemite,Y
Jasmine,gymleader,Mantine,Mantine,Mantyke,Y
Jasmine,gymleader,Mawile,Mawile,Mawile,Y
Jasmine,gymleader,Metagross,Metagross,Beldum,Y
Jasmine,gymleader,Onix,Onix,Onix,Y
Jasmine,gymleader,Rapidash,Rapidash,Ponyta,Y
Jasmine,gymleader,Scizor,Scizor,Scyther,Y
Jasmine,gymleader,Skarmory,Skarmory,Skarmory,Y
Jasmine,gymleader,Slowbro,Slowbro,Slowpoke,Y
Jasmine,gymleader,Stantler,Stantler,Stantler,Y
Jasmine,gymleader,Steelix,Steelix,Onix,Y
Jasmine,gymleader,Togepi,Togepi,Togepi,Y
Jasmine,gymleader,Togetic,Togetic,Togepi,Y
Jasmine,gymleader,Wartortle,Wartortle,Squirtle,Y
Jessie,anime,Arbok,Arbok,Ekans,Y
Jessie,anime,Cascoon,Cascoon,Wurmple,Y
Jessie,anime,Dustox,Dustox,Wurmple,Y
Jessie,anime,Ekans,Ekans,Ekans,Y
Jessie,anime,Frillish,Frillish,Frillish,Y
Jessie,anime,Gourgeist,Gourgeist,Pumpkaboo,Y
Jessie,anime,Koffing,Koffing,Koffing,Y
Jessie,anime,Lickitung,Lickitung,Lickitung,Y
Jessie,anime,Mawile,Mawile,Mawile,Y
Jessie,anime,Meowth,Meowth,Meowth,Y
Jessie,anime,Mimikyu,Mimikyu,Mimikyu,Y
Jessie,anime,Pumpkaboo,Pumpkaboo,Pumpkaboo,Y
Jessie,anime,Seviper,Seviper,Seviper,Y
Jessie,anime,Shellder,Shellder,Shellder,Y
Jessie,anime,Starmie,Starmie,Staryu,Y
Jessie,anime,Weezing,Weezing,Koffing,Y
Jessie,anime,Wobbuffet,Wobbuffet,Wynaut,Y
Jessie,anime,Woobat,Woobat,Woobat,Y
Jessie,anime,Wurmple,Wurmple,Wurmple,Y
Jessie,anime,Yanma,Yanma,Yanma,Y
Jessie,anime,Yanmega,Yanmega,Yanma,Y
Juan,gymleader,Azurill,Azurill,Azurill,Y
Juan,gymleader,Barboach,Barboach,Barboach,Y
Juan,gymleader,Chinchou,Chinchou,Chinchou,Y
Juan,gymleader,Clamperl,Clamperl,Clamperl,Y
Juan,gymleader,Corsola,Corsola,Corsola,Y
Juan,gymleader,Crawdaunt,Crawdaunt,Corphish,Y
Juan,gymleader,Goldeen,Goldeen,Goldeen,Y
Juan,gymleader,Gorebyss,Gorebyss,Clamperl,Y
Juan,gymleader,Huntail,Huntail,Clamperl,Y
Juan,gymleader,Kingdra,Kingdra,Horsea,Y
Juan,gymleader,Lapras,Lapras,Lapras,Y
Juan,gymleader,Luvdisc,Luvdisc,Luvdisc,Y
Juan,gymleader,Masquerain,Masquerain,Surskit,Y
Juan,gymleader,Milotic,Milotic,Feebas,Y
Juan,gymleader,Pelipper,Pelipper,Wingull,Y
Juan,gymleader,Politoed,Politoed,Poliwag,Y
Juan,gymleader,Poliwag,Poliwag,Poliwag,Y
Juan,gymleader,Poliwhirl,Poliwhirl,Poliwag,Y
Juan,gymleader,Relicanth,Relicanth,Relicanth,Y
Juan,gymleader,Seadra,Seadra,Horsea,Y
Juan,gymleader,Seaking,Seaking,Goldeen,Y
Juan,gymleader,Sealeo,Sealeo,Spheal,Y
Juan,gymleader,Spheal,Spheal,Spheal,Y
Juan,gymleader,Staryu,Staryu,Staryu,Y
Juan,gymleader,Tentacruel,Tentacruel,Tentacool,Y
Juan,gymleader,Wailmer,Wailmer,Wailmer,Y
Juan,gymleader,Walrein,Walrein,Spheal,Y
Juan,gymleader,Whiscash,Whiscash,Barboach,Y
Juan,gymleader,Wingull,Wingull,Wingull,Y
Juniper,professor,Accelgor,Accelgor,Shelmet,Y
Juniper,professor,Archen,Archen,Archen,Y
Juniper,professor,Archeops,Archeops,Archen,Y
Juniper,professor,Cinccino,Cinccino,Minccino,Y
Juniper,professor,Escavalier,Escavalier,Karrablast,Y
Juniper,professor,Karrablast,Karrablast,Karrablast,Y
Juniper,professor,Minccino,Minccino,Minccino,Y
Juniper,professor,Oshawott,Oshawott,Oshawott,Y
Juniper,professor,Patrat,Patrat,Patrat,Y
Juniper,professor,Shelmet,Shelmet,Shelmet,Y
Juniper,professor,Snivy,Snivy,Snivy,Y
Juniper,professor,Tepig,Tepig,Tepig,Y
Juniper,professor,Watchog,Watchog,Patrat,Y
Jupiter,villain,Bronzong,Bronzong,Bronzor,Y
Jupiter,villain,Bronzor,Bronzor,Bronzor,Y
Jupiter,villain,Crobat,Crobat,Zubat,Y
Jupiter,villain,Gastrodon,Gastrodon,Shellos,Y
Jupiter,villain,Gengar,Gengar,Gastly,Y
Jupiter,villain,Golbat,Golbat,Zubat,Y
Jupiter,villain,Nidoking,Nidoking,Nidoran♂,Y
Jupiter,villain,Nidoran-M,Nidoran-M,Nidoran♂,Y
Jupiter,villain,Sableye,Sableye,Sableye,Y
Jupiter,villain,Skuntank,Skuntank,Stunky,Y
Jupiter,villain,Tangrowth,Tangrowth,Tangela,Y
Jupiter,villain,Toxicroak,Toxicroak,Croagunk,Y
Jupiter,villain,Zubat,Zubat,Zubat,Y
Kabu,gymleader,Arcanine,Arcanine,Growlithe,Y
Kabu,gymleader,Camerupt,Camerupt,Numel,Y
Kabu,gymleader,Centiskorch,Centiskorch,Sizzlipede,Y
Kabu,gymleader,Ninetales,Ninetales,Vulpix,Y
Kabu,gymleader,Salazzle,Salazzle,Salandit,Y
Kabu,gymleader,Sizzlipede,Sizzlipede,Sizzlipede,Y
Kabu,gymleader,Torkoal,Torkoal,Torkoal,Y
Kahili,elite4,Braviary,Braviary,Rufflet,Y
Kahili,elite4,Crobat,Crobat,Zubat,Y
Kahili,elite4,Hawlucha,Hawlucha,Hawlucha,Y
Kahili,elite4,Mandibuzz,Mandibuzz,Vullaby,Y
Kahili,elite4,Oricorio,Oricorio,Oricorio,Y
Kahili,elite4,Skarmory,Skarmory,Skarmory,Y
Kahili,elite4,Toucannon,Toucannon,Pikipek,Y
Kamado,villain,Clefable,Clefable,Cleffa,Y
Kamado,villain,Golem,Golem,Geodude,Y
Kamado,villain,Heracross,Heracross,Heracross,Y
Kamado,villain,Hisuian Braviary,Braviary-Hisui,Rufflet,Y
Kamado,villain,Probopass,Probopass,Nosepass,Y
Kamado,villain,Rufflet,Rufflet,Rufflet,Y
Kamado,villain,Snorlax,Snorlax,Munchlax,Y
Kamado,villain,Ursaluna,Ursaluna,Teddiursa,Y
Karen,elite4,Absol,Absol,Absol,Y
Karen,elite4,Eevee,Eevee,Eevee,Y
Karen,elite4,Electrode,Electrode,Voltorb,Y
Karen,elite4,Gengar,Gengar,Gastly,Y
Karen,elite4,Honchkrow,Honchkrow,Murkrow,Y
Karen,elite4,Houndoom,Houndoom,Houndour,Y
Karen,elite4,Magmar,Magmar,Magby,Y
Karen,elite4,Misdreavus,Misdreavus,Misdreavus,Y
Karen,elite4,Murkrow,Murkrow,Murkrow,Y
Karen,elite4,Persian,Persian,Meowth,Y
Karen,elite4,Slowbro,Slowbro,Slowpoke,Y
Karen,elite4,Spiritomb,Spiritomb,Spiritomb,Y
Karen,elite4,Umbreon,Umbreon,Eevee,Y
Karen,elite4,Victreebel,Victreebel,Bellsprout,Y
Karen,elite4,Vileplume,Vileplume,Oddish,Y
Karen,elite4,Weavile,Weavile,Sneasel,Y
Katy,gymleader,Araquanid,Araquanid,Dewpider,Y
Katy,gymleader,Combee,Combee,Combee,Y
Katy,gymleader,Forretress,Forretress,Pineco,Y
Katy,gymleader,Heracross,Heracross,Heracross,Y
Katy,gymleader,Lokix,Lokix-Sevii,Nymble,Y
Katy,gymleader,Nymble,Nymble-Sevii,Nymble,Y
Katy,gymleader,Spidops,Spidops,Tarountula,Y
Katy,gymleader,Tarountula,Tarountula,Tarountula,Y
Katy,gymleader,Teddiursa,Teddiursa,Teddiursa,Y
Katy,gymleader,Ursaring,Ursaring,Teddiursa,Y
Kiawe (anime),anime,Arcanine,Arcanine,Growlithe,Y
Kiawe (anime),anime,Charizard,Charizard,Charmander,Y
Kiawe (anime),anime,Kangaskhan,Kangaskhan,Kangaskhan,Y
Kiawe (anime),anime,Magmar,Magmar,Magby,Y
Kiawe (anime),anime,Marowak,Marowak,Cubone,Y
Kiawe (anime),anime,Salazzle,Salazzle,Salandit,Y
Kiawe (anime),anime,Talonflame,Talonflame,Fletchling,Y
Kiawe (anime),anime,Turtonator,Turtonator,Turtonator,Y
Kofu,gymleader,Clawitzer,Clawitzer,Clauncher,Y
Kofu,gymleader,Crabominable,Crabominable,Crabrawler,Y
Kofu,gymleader,Crabrawler,Crabrawler,Crabrawler,Y
Kofu,gymleader,Feraligatr,Feraligatr,Totodile,Y
Kofu,gymleader,Pelipper,Pelipper,Wingull,Y
Kofu,gymleader,Veluza,Veluza,Veluza,Y
Kofu,gymleader,Wugtrio,Wugtrio,Wiglett,Y
Koga,elite4,Arbok,Arbok,Ekans,Y
Koga,elite4,Ariados,Ariados,Spinarak,Y
Koga,elite4,Articuno,Articuno,Articuno,Y
Koga,elite4,Crobat,Crobat,Zubat,Y
Koga,elite4,Ekans,Ekans,Ekans,Y
Koga,elite4,Electrode,Electrode,Voltorb,Y
Koga,elite4,Forretress,Forretress,Pineco,Y
Koga,elite4,Gastly,Gastly,Gastly,Y
Koga,elite4,Gengar,Gengar,Gastly,Y
Koga,elite4,Gligar,Gligar,Gligar,Y
Koga,elite4,Golbat,Golbat,Zubat,Y
Koga,elite4,Grimer,Grimer,Grimer,Y
Koga,elite4,Hypno,Hypno,Drowzee,Y
Koga,elite4,Koffing,Koffing,Koffing,Y
Koga,elite4,Lanturn,Lanturn,Chinchou,Y
Koga,elite4,Lapras,Lapras,Lapras,Y
Koga,elite4,Magmar,Magmar,Magby,Y
Koga,elite4,Muk,Muk,Grimer,Y
Koga,elite4,Nidorina,Nidorina,Nidoran♀,Y
Koga,elite4,Nidorino,Nidorino,Nidoran♂,Y
Koga,elite4,Ninetales,Ninetales,Vulpix,Y
Koga,elite4,Parasect,Parasect,Paras,Y
Koga,elite4,Rhydon,Rhydon,Rhyhorn,Y
Koga,elite4,Rhyhorn,Rhyhorn,Rhyhorn,Y
Koga,elite4,Scizor,Scizor,Scyther,Y
Koga,elite4,Scyther,Scyther,Scyther,Y
Koga,elite4,Skuntank,Skuntank,Stunky,Y
Koga,elite4,Stantler,Stantler,Stantler,Y
Koga,elite4,Swalot,Swalot,Gulpin,Y
Koga,elite4,Tangela,Tangela,Tangela,Y
Koga,elite4,Tentacruel,Tentacruel,Tentacool,Y
Koga,elite4,Toxicroak,Toxicroak,Croagunk,Y
Koga,elite4,Venomoth,Venomoth,Venonat,Y
Koga,elite4,Venonat,Venonat,Venonat,Y
Koga,elite4,Voltorb,Voltorb,Voltorb,Y
Koga,elite4,Weezing,Weezing,Koffing,Y
Korrina,gymleader,Chesnaught,Chesnaught,Chespin,Y
Korrina,gymleader,Crabominable,Crabominable,Crabrawler,Y
Korrina,gymleader,Crabrawler,Crabrawler,Crabrawler,Y
Korrina,gymleader,Gallade,Gallade,Ralts,Y
Korrina,gymleader,Hawlucha,Hawlucha,Hawlucha,Y
Korrina,gymleader,Lucario,Lucario,Riolu,Y
Korrina,gymleader,Machamp,Machamp,Machop,Y
Korrina,gymleader,Machoke,Machoke,Machop,Y
Korrina,gymleader,Marshadow,Marshadow,Marshadow,Y
Korrina,gymleader,Medicham,Medicham,Meditite,Y
Korrina,gymleader,Mienfoo,Mienfoo,Mienfoo,Y
Korrina,gymleader,Mienshao,Mienshao,Mienfoo,Y
Korrina,gymleader,Riolu,Riolu,Riolu,Y
Korrina,gymleader,Sirfetch'd,Sirfetch’d,Farfetch’d,Y
Kris,protagonist,Chikorita,Chikorita,Chikorita,Y
Kris,protagonist,Croconaw,Croconaw,Totodile,Y
Kris,protagonist,Cyndaquil,Cyndaquil,Cyndaquil,Y
Kris,protagonist,Feraligatr,Feraligatr,Totodile,Y
Kris,protagonist,Igglybuff,Igglybuff,Igglybuff,Y
Kris,protagonist,Jolteon,Jolteon,Eevee,Y
Kris,protagonist,Suicune,Suicune,Suicune,Y
Kris,protagonist,Totodile,Totodile,Totodile,Y
Kukui,champion,Braviary,Braviary,Rufflet,Y
Kukui,champion,Charjabug,Charjabug,Grubbin,Y
Kukui,champion,Corsola,Corsola,Corsola,Y
Kukui,champion,Crabominable,Crabominable,Crabrawler,Y
Kukui,champion,Crabrawler,Crabrawler,Crabrawler,Y
Kukui,champion,Cutiefly,Cutiefly,Cutiefly,Y
Kukui,champion,Decidueye,Decidueye,Rowlet,Y
Kukui,champion,Empoleon,Empoleon,Piplup,Y
Kukui,champion,Grubbin,Grubbin,Grubbin,Y
Kukui,champion,Incineroar,Incineroar,Litten,Y
Kukui,champion,Litten,Litten,Litten,Y
Kukui,champion,Lucario,Lucario,Riolu,Y
Kukui,champion,Luvdisc,Luvdisc,Luvdisc,Y
Kukui,champion,Lycanroc,Lycanroc,Rockruff,Y
Kukui,champion,Magneton,Magneton,Magnemite,Y
Kukui,champion,Magnezone,Magnezone,Magnemite,Y
Kukui,champion,Munchlax,Munchlax,Munchlax,Y
Kukui,champion,Murkrow,Murkrow,Murkrow,Y
Kukui,champion,Ninetales,Ninetales,Vulpix,Y
Kukui,champion,Pikachu,Pikachu,Pichu,Y
Kukui,champion,Pikipek,Pikipek,Pikipek,Y
Kukui,champion,Poliwhirl,Poliwhirl,Poliwag,Y
Kukui,champion,Popplio,Popplio,Popplio,Y
Kukui,champion,Primarina,Primarina,Popplio,Y
Kukui,champion,Rockruff,Rockruff,Rockruff,Y
Kukui,champion,Rotom,Rotom,Rotom,Y
Kukui,champion,Rowlet,Rowlet,Rowlet,Y
Kukui,champion,Snorlax,Snorlax,Munchlax,Y
Kukui,champion,Snubbull,Snubbull,Snubbull,Y
Kukui,champion,Stufful,Stufful,Stufful,Y
Kukui,champion,Venusaur,Venusaur,Bulbasaur,Y
Lana (anime),anime,Araquanid,Araquanid,Dewpider,Y
Lana (anime),anime,Brionne,Brionne,Popplio,Y
Lana (anime),anime,Chinchou,Chinchou,Chinchou,Y
Lana (anime),anime,Cloyster,Cloyster,Shellder,Y
Lana (anime),anime,Dewpider,Dewpider,Dewpider,Y
Lana (anime),anime,Eevee,Eevee,Eevee,Y
Lana (anime),anime,Feebas,Feebas,Feebas,Y
Lana (anime),anime,Lanturn,Lanturn,Chinchou,Y
Lana (anime),anime,Lapras,Lapras,Lapras,Y
Lana (anime),anime,Popplio,Popplio,Popplio,Y
Lana (anime),anime,Primarina,Primarina,Popplio,Y
Lana (anime),anime,Shellder,Shellder,Shellder,Y
Lana (anime),anime,Xurkitree,Xurkitree,Xurkitree,Y
Lance,champion,Aerodactyl,Aerodactyl,Aerodactyl,Y
Lance,champion,Altaria,Altaria,Swablu,Y
Lance,champion,Arcanine,Arcanine,Growlithe,Y
Lance,champion,Charizard,Charizard,Charmander,Y
Lance,champion,Dragonair,Dragonair,Dratini,Y
Lance,champion,Dragonite,Dragonite,Dratini,Y
Lance,champion,Dratini,Dratini,Dratini,Y
Lance,champion,Electabuzz,Electabuzz,Elekid,Y
Lance,champion,Exeggutor,Exeggutor,Exeggcute,Y
Lance,champion,Feraligatr,Feraligatr,Totodile,Y
Lance,champion,Flygon,Flygon,Trapinch,Y
Lance,champion,Garchomp,Garchomp,Gible,Y
Lance,champion,Gyarados,Gyarados,Magikarp,Y
Lance,champion,Haxorus,Haxorus,Axew,Y
Lance,champion,Horsea,Horsea,Horsea,Y
Lance,champion,Hydreigon,Hydreigon,Deino,Y
Lance,champion,Kangaskhan,Kangaskhan,Kangaskhan,Y
Lance,champion,Kingdra,Kingdra,Horsea,Y
Lance,champion,Lapras,Lapras,Lapras,Y
Lance,champion,Lugia,Lugia,Lugia,Y
Lance,champion,Magikarp,Magikarp,Magikarp,Y
Lance,champion,Pupitar,Pupitar,Larvitar,Y
Lance,champion,Salamence,Salamence,Bagon,Y
Lance,champion,Seadra,Seadra,Horsea,Y
Lance,champion,Snorlax,Snorlax,Munchlax,Y
Lance,champion,Steelix,Steelix,Onix,Y
Lance,champion,Tyranitar,Tyranitar,Larvitar,Y
Larry,gymleader,Altaria,Altaria,Swablu,Y
Larry,gymleader,Braviary,Braviary,Rufflet,Y
Larry,gymleader,Dudunsparce,Dudunsparce,Dunsparce,Y
Larry,gymleader,Dunsparce,Dunsparce,Dunsparce,Y
Larry,gymleader,Flamigo,Flamigo,Flamigo,Y
Larry,gymleader,Komala,Komala,Komala,Y
Larry,gymleader,Oinkologne,Oinkologne,Lechonk,Y
Larry,gymleader,Oricorio,Oricorio,Oricorio,Y
Larry,gymleader,Rufflet,Rufflet,Rufflet,Y
Larry,gymleader,Staraptor,Staraptor,Starly,Y
Larry,gymleader,Staravia,Staravia,Starly,Y
Larry,gymleader,Starly,Starly,Starly,Y
Larry,gymleader,Tauros,Tauros,Tauros,Y
Larry,gymleader,Tropius,Tropius,Tropius,Y
Laventon,professor,Cyndaquil,Cyndaquil,Cyndaquil,Y
Laventon,professor,Oshawott,Oshawott,Oshawott,Y
Laventon,professor,Rowlet,Rowlet,Rowlet,Y
Leaf,protagonist,Blastoise,Blastoise,Squirtle,Y
Leaf,protagonist,Clefable,Clefable,Cleffa,Y
Leaf,protagonist,Eevee,Eevee,Eevee,Y
Leaf,protagonist,Ivysaur,Ivysaur,Bulbasaur,Y
Leaf,protagonist,Moltres,Moltres,Moltres,Y
Leaf,protagonist,Squirtle,Squirtle,Squirtle,Y
Leaf,protagonist,Venusaur,Venusaur,Bulbasaur,Y
Lenora,gymleader,Audino,Audino,Audino,Y
Lenora,gymleader,Braviary,Braviary,Rufflet,Y
Lenora,gymleader,Cinccino,Cinccino,Minccino,Y
Lenora,gymleader,Clefable,Clefable,Cleffa,Y
Lenora,gymleader,Dunsparce,Dunsparce,Dunsparce,Y
Lenora,gymleader,Herdier,Herdier,Lillipup,Y
Lenora,gymleader,Kangaskhan,Kangaskhan,Kangaskhan,Y
Lenora,gymleader,Lickilicky,Lickilicky,Lickitung,Y
Lenora,gymleader,Lillipup,Lillipup,Lillipup,Y
Lenora,gymleader,Patrat,Patrat,Patrat,Y
Lenora,gymleader,Sawsbuck,Sawsbuck,Deerling,Y
Lenora,gymleader,Stoutland,Stoutland,Lillipup,Y
Lenora,gymleader,Watchog,Watchog,Patrat,Y
Leon,champion,Aegislash,Aegislash-Shield,Honedge,Y
Leon,champion,Calyrex,Calyrex,Calyrex,Y
Leon,champion,Charizard,Charizard,Charmander,Y
Leon,champion,Charmander,Charmander,Charmander,Y
Leon,champion,Charmeleon,Charmeleon,Charmander,Y
Leon,champion,Cinderace,Cinderace,Scorbunny,Y
Leon,champion,Corviknight,Corviknight,Rookidee,Y
Leon,champion,Dragapult,Dragapult,Dreepy,Y
Leon,champion,Eternatus,Eternatus,Eternatus,Y
Leon,champion,Grookey,Grookey,Grookey,Y
Leon,champion,Haxorus,Haxorus,Axew,Y
Leon,champion,Inteleon,Inteleon,Sobble,Y
Leon,champion,Mr. Rime,Mr. Rime,Mime Jr.,Y
Leon,champion,Rhydon,Rhydon,Rhyhorn,Y
Leon,champion,Rhyperior,Rhyperior,Rhyhorn,Y
Leon,champion,Rillaboom,Rillaboom,Grookey,Y
Leon,champion,Rookidee,Rookidee,Rookidee,Y
Leon,champion,Scorbunny,Scorbunny,Scorbunny,Y
Leon,champion,Seismitoad,Seismitoad,Tympole,Y
Leon,champion,Sobble,Sobble,Sobble,Y
Leon,champion,Wooloo,Wooloo,Wooloo,Y
Lian,warden,Goomy,Goomy,Goomy,Y
Lian,warden,Kleavor,Kleavor,Scyther,Y
Lian,warden,Swinub,Swinub,Swinub,Y
Lian,warden,Whiscash,Whiscash,Barboach,Y
Lillie (anime),anime,Blacephalon,Blacephalon,Blacephalon,Y
Lillie (anime),anime,Clefable,Clefable,Cleffa,Y
Lillie (anime),anime,Clefairy,Clefairy,Cleffa,Y
Lillie (anime),anime,Cleffa,Cleffa,Cleffa,Y
Lillie (anime),anime,Comfey,Comfey,Comfey,Y
Lillie (anime),anime,Cosmog,Cosmog,Cosmog,Y
Lillie (anime),anime,Magearna,Magearna,Magearna,Y
Lillie (anime),anime,Ribombee,Ribombee,Cutiefly,Y
Lillie (anime),anime,Solgaleo,Solgaleo,Cosmog,Y
Lillie (anime),anime,Vulpix,Vulpix,Vulpix,Y
Liza,gymleader,Baltoy,Baltoy,Baltoy,Y
Liza,gymleader,Bronzong,Bronzong,Bronzor,Y
Liza,gymleader,Celesteela,Celesteela,Celesteela,Y
Liza,gymleader,Chimecho,Chimecho,Chingling,Y
Liza,gymleader,Claydol,Claydol,Baltoy,Y
Liza,gymleader,Drowzee,Drowzee,Drowzee,Y
Liza,gymleader,Gallade,Gallade,Ralts,Y
Liza,gymleader,Gardevoir,Gardevoir,Ralts,Y
Liza,gymleader,Gothitelle,Gothitelle,Gothita,Y
Liza,gymleader,Grumpig,Grumpig,Spoink,Y
Liza,gymleader,Hypno,Hypno,Drowzee,Y
Liza,gymleader,Lunatone,Lunatone,Lunatone,Y
Liza,gymleader,Slowking,Slowking,Slowpoke,Y
Liza,gymleader,Slowpoke,Slowpoke,Slowpoke,Y
Liza,gymleader,Spoink,Spoink,Spoink,Y
Liza,gymleader,Xatu,Xatu,Natu,Y
Lorelei,elite4,Articuno,Articuno,Articuno,Y
Lorelei,elite4,Cloyster,Cloyster,Shellder,Y
Lorelei,elite4,Dewgong,Dewgong,Seel,Y
Lorelei,elite4,Exeggutor,Exeggutor,Exeggcute,Y
Lorelei,elite4,Jynx,Jynx,Smoochum,Y
Lorelei,elite4,Lapras,Lapras,Lapras,Y
Lorelei,elite4,Omastar,Omastar,Omanyte,Y
Lorelei,elite4,Piloswine,Piloswine,Swinub,Y
Lorelei,elite4,Sandslash,Sandslash,Sandshrew,Y
Lorelei,elite4,Seel,Seel,Seel,Y
Lorelei,elite4,Shellder,Shellder,Shellder,Y
Lorelei,elite4,Slowbro,Slowbro,Slowpoke,Y
Lorelei,elite4,Slowpoke,Slowpoke,Slowpoke,Y
Lorelei,elite4,Starmie,Starmie,Staryu,Y
Lorelei,elite4,Wigglytuff,Wigglytuff,Igglybuff,Y
Lt. Surge,gymleader,Ampharos,Ampharos,Mareep,Y
Lt. Surge,gymleader,Dodrio,Dodrio,Doduo,Y
Lt. Surge,gymleader,Electabuzz,Electabuzz,Elekid,Y
Lt. Surge,gymleader,Electivire,Electivire,Elekid,Y
Lt. Surge,gymleader,Electrode,Electrode,Voltorb,Y
Lt. Surge,gymleader,Horsea,Horsea,Horsea,Y
Lt. Surge,gymleader,Jolteon,Jolteon,Eevee,Y
Lt. Surge,gymleader,Kingler,Kingler,Krabby,Y
Lt. Surge,gymleader,Lanturn,Lanturn,Chinchou,Y
Lt. Surge,gymleader,Lickitung,Lickitung,Lickitung,Y
Lt. Surge,gymleader,Magnemite,Magnemite,Magnemite,Y
Lt. Surge,gymleader,Magneton,Magneton,Magnemite,Y
Lt. Surge,gymleader,Magnezone,Magnezone,Magnemite,Y
Lt. Surge,gymleader,Manectric,Manectric,Electrike,Y
Lt. Surge,gymleader,Pachirisu,Pachirisu,Pachirisu,Y
Lt. Surge,gymleader,Pikachu,Pikachu,Pichu,Y
Lt. Surge,gymleader,Poliwhirl,Poliwhirl,Poliwag,Y
Lt. Surge,gymleader,Poliwrath,Poliwrath,Poliwag,Y
Lt. Surge,gymleader,Porygon,Porygon,Porygon,Y
Lt. Surge,gymleader,Porygon2,Porygon2,Porygon,Y
Lt. Surge,gymleader,Quagsire,Quagsire,Wooper,Y
Lt. Surge,gymleader,Raichu,Raichu,Pichu,Y
Lt. Surge,gymleader,Raikou,Raikou,Raikou,Y
Lt. Surge,gymleader,Seel,Seel,Seel,Y
Lt. Surge,gymleader,Tangela,Tangela,Tangela,Y
Lt. Surge,gymleader,Victreebel,Victreebel,Bellsprout,Y
Lt. Surge,gymleader,Voltorb,Voltorb,Voltorb,Y
Lt. Surge,gymleader,Zapdos,Zapdos,Zapdos,Y
Lucas,protagonist,Absol,Absol,Absol,Y
Lucas,protagonist,Bidoof,Bidoof,Bidoof,Y
Lucas,protagonist,Chimchar,Chimchar,Chimchar,Y
Lucas,protagonist,Clefable,Clefable,Cleffa,Y
Lucas,protagonist,Clefairy,Clefairy,Cleffa,Y
Lucas,protagonist,Cradily,Cradily,Lileep,Y
Lucas,protagonist,Dialga,Dialga,Dialga,Y
Lucas,protagonist,Dunsparce,Dunsparce,Dunsparce,Y
Lucas,protagonist,Dusknoir,Dusknoir,Duskull,Y
Lucas,protagonist,Empoleon,Empoleon,Piplup,Y
Lucas,protagonist,Espeon,Espeon,Eevee,Y
Lucas,protagonist,Flareon,Flareon,Eevee,Y
Lucas,protagonist,Gallade,Gallade,Ralts,Y
Lucas,protagonist,Glaceon,Glaceon,Eevee,Y
Lucas,protagonist,Gliscor,Gliscor,Gligar,Y
Lucas,protagonist,Grotle,Grotle,Turtwig,Y
Lucas,protagonist,Infernape,Infernape,Chimchar,Y
Lucas,protagonist,Kabutops,Kabutops,Kabuto,Y
Lucas,protagonist,Kadabra,Kadabra,Abra,Y
Lucas,protagonist,Magmortar,Magmortar,Magby,Y
Lucas,protagonist,Milotic,Milotic,Feebas,Y
Lucas,protagonist,Monferno,Monferno,Chimchar,Y
Lucas,protagonist,Mothim,Mothim,Burmy,Y
Lucas,protagonist,Piplup,Piplup,Piplup,Y
Lucas,protagonist,Porygon,Porygon,Porygon,Y
Lucas,protagonist,Porygon-Z,Porygon-Z,Porygon,Y
Lucas,protagonist,Prinplup,Prinplup,Piplup,Y
Lucas,protagonist,Rampardos,Rampardos,Cranidos,Y
Lucas,protagonist,Rotom,Rotom,Rotom,Y
Lucas,protagonist,Tangrowth,Tangrowth,Tangela,Y
Lucas,protagonist,Tauros,Tauros,Tauros,Y
Lucas,protagonist,Torterra,Torterra,Turtwig,Y
Lucas,protagonist,Turtwig,Turtwig,Turtwig,Y
Lucian,elite4,Alakazam,Alakazam,Abra,Y
Lucian,elite4,Bronzong,Bronzong,Bronzor,Y
Lucian,elite4,Espeon,Espeon,Eevee,Y
Lucian,elite4,Gallade,Gallade,Ralts,Y
Lucian,elite4,Girafarig,Girafarig,Girafarig,Y
Lucian,elite4,Medicham,Medicham,Meditite,Y
Lucian,elite4,Mr. Mime,Mr. Mime,Mime Jr.,Y
Lucian,elite4,Slowbro,Slowbro,Slowpoke,Y
Lucy,frontier,Abra,Abra,Abra,Y
Lucy,frontier,Cyndaquil,Cyndaquil,Cyndaquil,Y
Lucy,frontier,Gyarados,Gyarados,Magikarp,Y
Lucy,frontier,Makuhita,Makuhita,Makuhita,Y
Lucy,frontier,Milotic,Milotic,Feebas,Y
Lucy,frontier,Seviper,Seviper,Seviper,Y
Lucy,frontier,Shuckle,Shuckle,Shuckle,Y
Lucy,frontier,Skitty,Skitty,Skitty,Y
Lucy,frontier,Snorlax,Snorlax,Munchlax,Y
Lucy,frontier,Steelix,Steelix,Onix,Y
Lucy,frontier,Swinub,Swinub,Swinub,Y
Lusamine,villain,Absol,Absol,Absol,Y
Lusamine,villain,Bewear,Bewear,Stufful,Y
Lusamine,villain,Blacefalon,Blacephalon,Blacephalon,Y
Lusamine,villain,Blacephalon,Blacephalon,Blacephalon,Y
Lusamine,villain,Buzzwole,Buzzwole,Buzzwole,Y
Lusamine,villain,Celesteela,Celesteela,Celesteela,Y
Lusamine,villain,Clefable,Clefable,Cleffa,Y
Lusamine,villain,Clefairy,Clefairy,Cleffa,Y
Lusamine,villain,Cleffa,Cleffa,Cleffa,Y
Lusamine,villain,Cosmoem,Cosmoem,Cosmog,Y
Lusamine,villain,Cosmog,Cosmog,Cosmog,Y
Lusamine,villain,Drifloon,Drifloon,Drifloon,Y
Lusamine,villain,Guzzlord,Guzzlord,Guzzlord,Y
Lusamine,villain,Herdier,Herdier,Lillipup,Y
Lusamine,villain,Kartana,Kartana,Kartana,Y
Lusamine,villain,Lilligant,Lilligant,Petilil,Y
Lusamine,villain,Lillipup,Lillipup,Lillipup,Y
Lusamine,villain,Litten,Litten,Litten,Y
Lusamine,villain,Lopunny,Lopunny,Buneary,Y
Lusamine,villain,Lunala,Lunala,Cosmog,Y
Lusamine,villain,Magby,Magby,Magby,Y
Lusamine,villain,Milotic,Milotic,Feebas,Y
Lusamine,villain,Mismagius,Mismagius,Misdreavus,Y
Lusamine,villain,Naganadel,Naganadel,Poipole,Y
Lusamine,villain,Necrozma,Necrozma,Necrozma,Y
Lusamine,villain,Nihilego,Nihilego,Nihilego,Y
Lusamine,villain,Pheromosa,Pheromosa,Pheromosa,Y
Lusamine,villain,Pichu,Pichu,Pichu,Y
Lusamine,villain,Poipole,Poipole,Poipole,Y
Lusamine,villain,Popplio,Popplio,Popplio,Y
Lusamine,villain,Pyukumuku,Pyukumuku,Pyukumuku,Y
Lusamine,villain,Rowlet,Rowlet,Rowlet,Y
Lusamine,villain,Salazzle,Salazzle,Salandit,Y
Lusamine,villain,Silvally,Silvally,Type: Null,Y
Lusamine,villain,Slowpoke,Slowpoke,Slowpoke,Y
Lusamine,villain,Snubbull,Snubbull,Snubbull,Y
Lusamine,villain,Solgaleo,Solgaleo,Cosmog,Y
Lusamine,villain,Staryu,Staryu,Staryu,Y
Lusamine,villain,Type: Null,Type: Null,Type: Null,Y
Lusamine,villain,Xurkitree,Xurkitree,Xurkitree,Y
Lyra,protagonist,Bayleef,Bayleef,Chikorita,Y
Lyra,protagonist,Bulbasaur,Bulbasaur,Bulbasaur,Y
Lyra,protagonist,Celebi,Celebi,Celebi,Y
Lyra,protagonist,Chikorita,Chikorita,Chikorita,Y
Lyra,protagonist,Cyndaquil,Cyndaquil,Cyndaquil,Y
Lyra,protagonist,Entei,Entei,Entei,Y
Lyra,protagonist,Girafarig,Girafarig,Girafarig,Y
Lyra,protagonist,Jigglypuff,Jigglypuff,Igglybuff,Y
Lyra,protagonist,Marill,Marill,Azurill,Y
Lyra,protagonist,Meganium,Meganium,Chikorita,Y
Lyra,protagonist,Phanpy,Phanpy,Phanpy,Y
Lyra,protagonist,Porygon,Porygon,Porygon,Y
Lyra,protagonist,Rattata,Rattata,Rattata,Y
Lyra,protagonist,Sentret,Sentret,Sentret,Y
Lyra,protagonist,Tangela,Tangela,Tangela,Y
Lyra,protagonist,Tauros,Tauros,Tauros,Y
Lyra,protagonist,Vaporeon,Vaporeon,Eevee,Y
Lysandre,villain,Floette,Floette,Flabébé,Y
Lysandre,villain,Florges,Florges,Flabébé,Y
Lysandre,villain,Garbodor,Garbodor,Trubbish,Y
Lysandre,villain,Gyarados,Gyarados,Magikarp,Y
Lysandre,villain,Honchkrow,Honchkrow,Murkrow,Y
Lysandre,villain,Mienfoo,Mienfoo,Mienfoo,Y
Lysandre,villain,Mienshao,Mienshao,Mienfoo,Y
Lysandre,villain,Murkrow,Murkrow,Murkrow,Y
Lysandre,villain,Noivern,Noivern,Noibat,Y
Lysandre,villain,Pyroar,Pyroar,Litleo,Y
Lysandre,villain,Sableye,Sableye,Sableye,Y
Lysandre,villain,Volcanion,Volcanion,Volcanion,Y
Lysandre,villain,Xerneas,Xerneas,Xerneas,Y
Lysandre,villain,Yveltal,Yveltal,Yveltal,Y
Lysandre,villain,Zygarde,Zygarde,Zygarde,Y
Magnolia,professor,Grookey,Grookey,Grookey,Y
Magnolia,professor,Polteageist,Polteageist,Sinistea,Y
Magnolia,professor,Rotom,Rotom,Rotom,Y
Magnolia,professor,Sinistea,Sinistea,Sinistea,Y
Mai,warden,Crobat,Crobat,Zubat,Y
Mai,warden,Munchlax,Munchlax,Munchlax,Y
Mai,warden,Weavile,Weavile,Sneasel,Y
Mai,warden,Wyrdeer,Wyrdeer,Stantler,Y
Mallow (anime),anime,Comfey,Comfey,Comfey,Y
Mallow (anime),anime,Lurantis,Lurantis,Fomantis,Y
Mallow (anime),anime,Phantump,Phantump,Phantump,Y
Mallow (anime),anime,Sceptile,Sceptile,Treecko,Y
Mallow (anime),anime,Shaymin,Shaymin,Shaymin,Y
Mallow (anime),anime,Shiinotic,Shiinotic,Morelull,Y
Mallow (anime),anime,Steenee,Steenee,Bounsweet,Y
Mallow (anime),anime,Talonflame,Talonflame,Fletchling,Y
Mallow (anime),anime,Toucannon,Toucannon,Pikipek,Y
Mallow (anime),anime,Trevenant,Trevenant,Phantump,Y
Mallow (anime),anime,Tsareena,Tsareena,Bounsweet,Y
Malva,elite4,Chandelure,Chandelure,Litwick,Y
Malva,elite4,Delphox,Delphox,Fennekin,Y
Malva,elite4,Fennekin,Fennekin,Fennekin,Y
Malva,elite4,Houndoom,Houndoom,Houndour,Y
Malva,elite4,Pyroar,Pyroar,Litleo,Y
Malva,elite4,Talonflame,Talonflame,Fletchling,Y
Malva,elite4,Torkoal,Torkoal,Torkoal,Y
Malva,elite4,Yveltal,Yveltal,Yveltal,Y
Marlon,gymleader,Alomomola,Alomomola,Alomomola,Y
Marlon,gymleader,Carracosta,Carracosta,Tirtouga,Y
Marlon,gymleader,Cloyster,Cloyster,Shellder,Y
Marlon,gymleader,Frillish,Frillish,Frillish,Y
Marlon,gymleader,Jellicent,Jellicent,Frillish,Y
Marlon,gymleader,Mantine,Mantine,Mantyke,Y
Marlon,gymleader,Quagsire,Quagsire,Wooper,Y
Marlon,gymleader,Starmie,Starmie,Staryu,Y
Marlon,gymleader,Wailord,Wailord,Wailmer,Y
Marnie,rival,Cinderace,Cinderace,Scorbunny,Y
Marnie,rival,Croagunk,Croagunk,Croagunk,Y
Marnie,rival,Cyclizar,Cyclizar,Cyclizar,Y
Marnie,rival,Grimmsnarl,Grimmsnarl,Impidimp,Y
Marnie,rival,Liepard,Liepard,Purrloin,Y
Marnie,rival,Mawile,Mawile,Mawile,Y
Marnie,rival,Moltres,Moltres,Moltres,Y
Marnie,rival,Morgrem,Morgrem,Impidimp,Y
Marnie,rival,Morpeko,Morpeko,Morpeko,Y
Marnie,rival,Regice,Regice,Regice,Y
Marnie,rival,Regirock,Regirock,Regirock,Y
Marnie,rival,Registeel,Registeel,Registeel,Y
Marnie,rival,Scrafty,Scrafty,Scraggy,Y
Marnie,rival,Scraggy,Scraggy,Scraggy,Y
Marnie,rival,Toxicroak,Toxicroak,Croagunk,Y
Mars,villain,Bronzong,Bronzong,Bronzor,Y
Mars,villain,Bronzor,Bronzor,Bronzor,Y
Mars,villain,Crobat,Crobat,Zubat,Y
Mars,villain,Eevee,Eevee,Eevee,Y
Mars,villain,Electivire,Electivire,Elekid,Y
Mars,villain,Espeon,Espeon,Eevee,Y
Mars,villain,Golbat,Golbat,Zubat,Y
Mars,villain,Kangaskhan,Kangaskhan,Kangaskhan,Y
Mars,villain,Luxray,Luxray,Shinx,Y
Mars,villain,Magnezone,Magnezone,Magnemite,Y
Mars,villain,Purugly,Purugly,Glameow,Y
Mars,villain,Raichu,Raichu,Pichu,Y
Mars,villain,Shinx,Shinx,Shinx,Y
Mars,villain,Togekiss,Togekiss,Togepi,Y
Mars,villain,Togepi,Togepi,Togepi,Y
Mars,villain,Yanmega,Yanmega,Yanma,Y
Mars,villain,Zubat,Zubat,Zubat,Y
Marshal,elite4,Breloom,Breloom,Shroomish,Y
Marshal,elite4,Conkeldurr,Conkeldurr,Timburr,Y
Marshal,elite4,Lucario,Lucario,Riolu,Y
Marshal,elite4,Machamp,Machamp,Machop,Y
Marshal,elite4,Medicham,Medicham,Meditite,Y
Marshal,elite4,Mienshao,Mienshao,Mienfoo,Y
Marshal,elite4,Sawk,Sawk,Sawk,Y
Marshal,elite4,Throh,Throh,Throh,Y
Marshal,elite4,Tirtouga,Tirtouga,Tirtouga,Y
Marshal,elite4,Toxicroak,Toxicroak,Croagunk,Y
Maxie,villain,Camerupt,Camerupt,Numel,Y
Maxie,villain,Crobat,Crobat,Zubat,Y
Maxie,villain,Golbat,Golbat,Zubat,Y
Maxie,villain,Groudon,Groudon,Groudon,Y
Maxie,villain,Houndoom,Houndoom,Houndour,Y
Maxie,villain,Mightyena,Mightyena,Poochyena,Y
Maxie,villain,Poochyena,Poochyena,Poochyena,Y
Maxie,villain,Swellow,Swellow,Taillow,Y
Maxie,villain,Weezing,Weezing,Koffing,Y
Maxie,villain,Zubat,Zubat,Zubat,Y
May,protagonist,Aggron,Aggron,Aron,Y
May,protagonist,Altaria,Altaria,Swablu,Y
May,protagonist,Audino,Audino,Audino,Y
May,protagonist,Beautifly,Beautifly,Wurmple,Y
May,protagonist,Blaziken,Blaziken,Torchic,Y
May,protagonist,Breloom,Breloom,Shroomish,Y
May,protagonist,Bulbasaur,Bulbasaur,Bulbasaur,Y
May,protagonist,Cascoon,Cascoon,Wurmple,Y
May,protagonist,Claydol,Claydol,Baltoy,Y
May,protagonist,Combusken,Combusken,Torchic,Y
May,protagonist,Eevee,Eevee,Eevee,Y
May,protagonist,Exploud,Exploud,Whismur,Y
May,protagonist,Glaceon,Glaceon,Eevee,Y
May,protagonist,Grovyle,Grovyle,Treecko,Y
May,protagonist,Kyogre,Kyogre,Kyogre,Y
May,protagonist,Latias,Latias,Latias,Y
May,protagonist,Latios,Latios,Latios,Y
May,protagonist,Lombre,Lombre,Lotad,Y
May,protagonist,Lopunny,Lopunny,Buneary,Y
May,protagonist,Lotad,Lotad,Lotad,Y
May,protagonist,Ludicolo,Ludicolo,Lotad,Y
May,protagonist,Magcargo,Magcargo,Slugma,Y
May,protagonist,Marshtomp,Marshtomp,Mudkip,Y
May,protagonist,Mudkip,Mudkip,Mudkip,Y
May,protagonist,Munchlax,Munchlax,Munchlax,Y
May,protagonist,Numel,Numel,Numel,Y
May,protagonist,Pelipper,Pelipper,Wingull,Y
May,protagonist,Raichu,Raichu,Pichu,Y
May,protagonist,Rayquaza,Rayquaza,Rayquaza,Y
May,protagonist,Sceptile,Sceptile,Treecko,Y
May,protagonist,Shroomish,Shroomish,Shroomish,Y
May,protagonist,Silcoon,Silcoon,Wurmple,Y
May,protagonist,Skitty,Skitty,Skitty,Y
May,protagonist,Slugma,Slugma,Slugma,Y
May,protagonist,Snorlax,Snorlax,Munchlax,Y
May,protagonist,Squirtle,Squirtle,Squirtle,Y
May,protagonist,Swablu,Swablu,Swablu,Y
May,protagonist,Swampert,Swampert,Mudkip,Y
May,protagonist,Swellow,Swellow,Taillow,Y
May,protagonist,Torchic,Torchic,Torchic,Y
May,protagonist,Torkoal,Torkoal,Torkoal,Y
May,protagonist,Treecko,Treecko,Treecko,Y
May,protagonist,Tropius,Tropius,Tropius,Y
May,protagonist,Venusaur,Venusaur,Bulbasaur,Y
May,protagonist,Wailmer,Wailmer,Wailmer,Y
May,protagonist,Wailord,Wailord,Wailmer,Y
May,protagonist,Wartortle,Wartortle,Squirtle,Y
May,protagonist,Wingull,Wingull,Wingull,Y
May,protagonist,Wurmple,Wurmple,Wurmple,Y
Maylene,gymleader,Blaziken,Blaziken,Torchic,Y
Maylene,gymleader,Breloom,Breloom,Shroomish,Y
Maylene,gymleader,Dragonite,Dragonite,Dratini,Y
Maylene,gymleader,Dratini,Dratini,Dratini,Y
Maylene,gymleader,Empoleon,Empoleon,Piplup,Y
Maylene,gymleader,Gallade,Gallade,Ralts,Y
Maylene,gymleader,Heracross,Heracross,Heracross,Y
Maylene,gymleader,Hitmontop,Hitmontop,Tyrogue,Y
Maylene,gymleader,Infernape,Infernape,Chimchar,Y
Maylene,gymleader,Lucario,Lucario,Riolu,Y
Maylene,gymleader,Machamp,Machamp,Machop,Y
Maylene,gymleader,Machoke,Machoke,Machop,Y
Maylene,gymleader,Medicham,Medicham,Meditite,Y
Maylene,gymleader,Meditite,Meditite,Meditite,Y
Maylene,gymleader,Pachirisu,Pachirisu,Pachirisu,Y
Maylene,gymleader,Piplup,Piplup,Piplup,Y
Maylene,gymleader,Riolu,Riolu,Riolu,Y
Maylene,gymleader,Torchic,Torchic,Torchic,Y
Maylene,gymleader,Toxicroak,Toxicroak,Croagunk,Y
Melli,warden,Hisuian Electrode,Electrode-Hisui,Voltorb,Y
Melli,warden,Skorupi,Skorupi,Skorupi,Y
Melli,warden,Skuntank,Skuntank,Stunky,Y
Melli,warden,Voltorb,Voltorb,Voltorb,Y
Melli,warden,Zubat,Zubat,Zubat,Y
Melony,gymleader,Darmanitan,Darmanitan,Darumaka,Y
Melony,gymleader,Eiscue,Eiscue,Eiscue,Y
Melony,gymleader,Frosmoth,Frosmoth,Snom,Y
Melony,gymleader,Lapras,Lapras,Lapras,Y
Melony,gymleader,Mr. Rime,Mr. Rime,Mime Jr.,Y
Milo,gymleader,Appletun,Appletun,Applin,Y
Milo,gymleader,Bellossom,Bellossom,Oddish,Y
Milo,gymleader,Cherrim,Cherrim,Cherubi,Y
Milo,gymleader,Eldegoss,Eldegoss,Gossifleur,Y
Milo,gymleader,Flapple,Flapple,Applin,Y
Milo,gymleader,Gossifleur,Gossifleur,Gossifleur,Y
Milo,gymleader,Ludicolo,Ludicolo,Lotad,Y
Milo,gymleader,Shiftry,Shiftry,Seedot,Y
Milo,gymleader,Tsareena,Tsareena,Bounsweet,Y
Milo,gymleader,Wooloo,Wooloo,Wooloo,Y
Misty,gymleader,Ampharos,Ampharos,Mareep,Y
Misty,gymleader,Azurill,Azurill,Azurill,Y
Misty,gymleader,Blastoise,Blastoise,Squirtle,Y
Misty,gymleader,Carracosta,Carracosta,Tirtouga,Y
Misty,gymleader,Chinchou,Chinchou,Chinchou,Y
Misty,gymleader,Clauncher,Clauncher,Clauncher,Y
Misty,gymleader,Corsola,Corsola,Corsola,Y
Misty,gymleader,Dewgong,Dewgong,Seel,Y
Misty,gymleader,Dragonair,Dragonair,Dratini,Y
Misty,gymleader,Dragonite,Dragonite,Dratini,Y
Misty,gymleader,Dugtrio,Dugtrio,Diglett,Y
Misty,gymleader,Exeggutor,Exeggutor,Exeggcute,Y
Misty,gymleader,Floatzel,Floatzel,Buizel,Y
Misty,gymleader,Frillish,Frillish,Frillish,Y
Misty,gymleader,Goldeen,Goldeen,Goldeen,Y
Misty,gymleader,Golduck,Golduck,Psyduck,Y
Misty,gymleader,Gyarados,Gyarados,Magikarp,Y
Misty,gymleader,Horsea,Horsea,Horsea,Y
Misty,gymleader,Jellicent,Jellicent,Frillish,Y
Misty,gymleader,Jigglypuff,Jigglypuff,Igglybuff,Y
Misty,gymleader,Lanturn,Lanturn,Chinchou,Y
Misty,gymleader,Lapras,Lapras,Lapras,Y
Misty,gymleader,Luvdisc,Luvdisc,Luvdisc,Y
Misty,gymleader,Magikarp,Magikarp,Magikarp,Y
Misty,gymleader,Milotic,Milotic,Feebas,Y
Misty,gymleader,Nidoqueen,Nidoqueen,Nidoran♀,Y
Misty,gymleader,Omanyte,Omanyte,Omanyte,Y
Misty,gymleader,Omastar,Omastar,Omanyte,Y
Misty,gymleader,Politoed,Politoed,Poliwag,Y
Misty,gymleader,Poliwag,Poliwag,Poliwag,Y
Misty,gymleader,Poliwhirl,Poliwhirl,Poliwag,Y
Misty,gymleader,Poliwrath,Poliwrath,Poliwag,Y
Misty,gymleader,Psyduck,Psyduck,Psyduck,Y
Misty,gymleader,Quagsire,Quagsire,Wooper,Y
Misty,gymleader,Seadra,Seadra,Horsea,Y
Misty,gymleader,Seaking,Seaking,Goldeen,Y
Misty,gymleader,Seel,Seel,Seel,Y
Misty,gymleader,Shellder,Shellder,Shellder,Y
Misty,gymleader,Slowbro,Slowbro,Slowpoke,Y
Misty,gymleader,Starmie,Starmie,Staryu,Y
Misty,gymleader,Staryu,Staryu,Staryu,Y
Misty,gymleader,Suicune,Suicune,Suicune,Y
Misty,gymleader,Sunflora,Sunflora,Sunkern,Y
Misty,gymleader,Swanna,Swanna,Ducklett,Y
Misty,gymleader,Tentacool,Tentacool,Tentacool,Y
Misty,gymleader,Tentacruel,Tentacruel,Tentacool,Y
Misty,gymleader,Togepi,Togepi,Togepi,Y
Misty,gymleader,Togetic,Togetic,Togepi,Y
Misty,gymleader,Vaporeon,Vaporeon,Eevee,Y
Misty,gymleader,Wigglytuff,Wigglytuff,Igglybuff,Y
Molayne,elite4,Ampharos,Ampharos,Mareep,Y
Molayne,elite4,Bisharp,Bisharp,Pawniard,Y
Molayne,elite4,Dugtrio,Dugtrio,Diglett,Y
Molayne,elite4,Klefki,Klefki,Klefki,Y
Molayne,elite4,Magneton,Magneton,Magnemite,Y
Molayne,elite4,Magnezone,Magnezone,Magnemite,Y
Molayne,elite4,Metagross,Metagross,Beldum,Y
Molayne,elite4,Metang,Metang,Beldum,Y
Molayne,elite4,Sandslash,Sandslash,Sandshrew,Y
Molayne,elite4,Skarmory,Skarmory,Skarmory,Y
Morty,gymleader,Ariados,Ariados,Spinarak,Y
Morty,gymleader,Banette,Banette,Shuppet,Y
Morty,gymleader,Chandelure,Chandelure,Litwick,Y
Morty,gymleader,Cofagrigus,Cofagrigus,Yamask,Y
Morty,gymleader,Cyndaquil,Cyndaquil,Cyndaquil,Y
Morty,gymleader,Drifblim,Drifblim,Drifloon,Y
Morty,gymleader,Dusknoir,Dusknoir,Duskull,Y
Morty,gymleader,Exeggutor,Exeggutor,Exeggcute,Y
Morty,gymleader,Froslass,Froslass,Snorunt,Y
Morty,gymleader,Gastly,Gastly,Gastly,Y
Morty,gymleader,Gengar,Gengar,Gastly,Y
Morty,gymleader,Girafarig,Girafarig,Girafarig,Y
Morty,gymleader,Granbull,Granbull,Snubbull,Y
Morty,gymleader,Haunter,Haunter,Gastly,Y
Morty,gymleader,Ho-Oh,Ho-Oh,Ho-Oh,Y
Morty,gymleader,Jellicent,Jellicent,Frillish,Y
Morty,gymleader,Lapras,Lapras,Lapras,Y
Morty,gymleader,Mantine,Mantine,Mantyke,Y
Morty,gymleader,Marowak,Marowak,Cubone,Y
Morty,gymleader,Misdreavus,Misdreavus,Misdreavus,Y
Morty,gymleader,Mismagius,Mismagius,Misdreavus,Y
Morty,gymleader,Noctowl,Noctowl,Hoothoot,Y
Morty,gymleader,Sableye,Sableye,Sableye,Y
Morty,gymleader,Sudowoodo,Sudowoodo,Bonsly,Y
Morty,gymleader,Typhlosion,Typhlosion,Cyndaquil,Y
N,rival,Abomasnow,Abomasnow,Snover,Y
N,rival,Arcanine,Arcanine,Growlithe,Y
N,rival,Archeops,Archeops,Archen,Y
N,rival,Armaldo,Armaldo,Anorith,Y
N,rival,Boldore,Boldore,Roggenrola,Y
N,rival,Carracosta,Carracosta,Tirtouga,Y
N,rival,Cloyster,Cloyster,Shellder,Y
N,rival,Cradily,Cradily,Lileep,Y
N,rival,Darmanitan,Darmanitan,Darumaka,Y
N,rival,Darumaka,Darumaka,Darumaka,Y
N,rival,Ferroseed,Ferroseed,Ferroseed,Y
N,rival,Froslass,Froslass,Snorunt,Y
N,rival,Gastrodon,Gastrodon,Shellos,Y
N,rival,Glaceon,Glaceon,Eevee,Y
N,rival,Growlithe,Growlithe,Growlithe,Y
N,rival,Hippowdon,Hippowdon,Hippopotas,Y
N,rival,Joltik,Joltik,Joltik,Y
N,rival,Kabutops,Kabutops,Kabuto,Y
N,rival,Klink,Klink,Klink,Y
N,rival,Klinklang,Klinklang,Klink,Y
N,rival,Kyurem,Kyurem,Kyurem,Y
N,rival,Landorus,Landorus,Landorus,Y
N,rival,Lanturn,Lanturn,Chinchou,Y
N,rival,Leafeon,Leafeon,Eevee,Y
N,rival,Lillipup,Lillipup,Lillipup,Y
N,rival,Mamoswine,Mamoswine,Swinub,Y
N,rival,Minccino,Minccino,Minccino,Y
N,rival,Ninetales,Ninetales,Vulpix,Y
N,rival,Ninjask,Ninjask,Nincada,Y
N,rival,Omastar,Omastar,Omanyte,Y
N,rival,Pidove,Pidove,Pidove,Y
N,rival,Politoed,Politoed,Poliwag,Y
N,rival,Purrloin,Purrloin,Purrloin,Y
N,rival,Rapidash,Rapidash,Ponyta,Y
N,rival,Reshiram,Reshiram,Reshiram,Y
N,rival,Rhyperior,Rhyperior,Rhyhorn,Y
N,rival,Sandile,Sandile,Sandile,Y
N,rival,Scizor,Scizor,Scyther,Y
N,rival,Scraggy,Scraggy,Scraggy,Y
N,rival,Shiftry,Shiftry,Seedot,Y
N,rival,Sigilyph,Sigilyph,Sigilyph,Y
N,rival,Starmie,Starmie,Staryu,Y
N,rival,Tentacruel,Tentacruel,Tentacool,Y
N,rival,Timburr,Timburr,Timburr,Y
N,rival,Tympole,Tympole,Tympole,Y
N,rival,Vanilluxe,Vanilluxe,Vanillite,Y
N,rival,Woobat,Woobat,Woobat,Y
N,rival,Zekrom,Zekrom,Zekrom,Y
N,rival,Zoroark,Zoroark,Zorua,Y
N,rival,Zorua,Zorua,Zorua,Y
Nando,anime,Altaria,Altaria,Swablu,Y
Nando,anime,Armaldo,Armaldo,Anorith,Y
Nando,anime,Budew,Budew,Budew,Y
Nando,anime,Kricketot,Kricketot,Kricketot,Y
Nando,anime,Kricketune,Kricketune,Kricketot,Y
Nando,anime,Lopunny,Lopunny,Buneary,Y
Nando,anime,Roselia,Roselia,Budew,Y
Nando,anime,Roserade,Roserade,Budew,Y
Nando,anime,Sunflora,Sunflora,Sunkern,Y
Nanu,gymleader,Absol,Absol,Absol,Y
Nanu,gymleader,Honchkrow,Honchkrow,Murkrow,Y
Nanu,gymleader,Krokorok,Krokorok,Sandile,Y
Nanu,gymleader,Krookodile,Krookodile,Sandile,Y
Nanu,gymleader,Meowth,Meowth,Meowth,Y
Nanu,gymleader,Persian,Persian,Meowth,Y
Nanu,gymleader,Sableye,Sableye,Sableye,Y
Nate,protagonist,Accelgor,Accelgor,Shelmet,Y
Nate,protagonist,Alomomola,Alomomola,Alomomola,Y
Nate,protagonist,Amoonguss,Amoonguss,Foongus,Y
Nate,protagonist,Arcanine,Arcanine,Growlithe,Y
Nate,protagonist,Archeops,Archeops,Archen,Y
Nate,protagonist,Audino,Audino,Audino,Y
Nate,protagonist,Beartic,Beartic,Cubchoo,Y
Nate,protagonist,Bisharp,Bisharp,Pawniard,Y
Nate,protagonist,Bouffalant,Bouffalant,Bouffalant,Y
Nate,protagonist,Braviary,Braviary,Rufflet,Y
Nate,protagonist,Chandelure,Chandelure,Litwick,Y
Nate,protagonist,Cofagrigus,Cofagrigus,Yamask,Y
Nate,protagonist,Conkeldurr,Conkeldurr,Timburr,Y
Nate,protagonist,Cryogonal,Cryogonal,Cryogonal,Y
Nate,protagonist,Darmanitan,Darmanitan,Darumaka,Y
Nate,protagonist,Dewott,Dewott,Oshawott,Y
Nate,protagonist,Druddigon,Druddigon,Druddigon,Y
Nate,protagonist,Durant,Durant,Durant,Y
Nate,protagonist,Eelektross,Eelektross,Tynamo,Y
Nate,protagonist,Emboar,Emboar,Tepig,Y
Nate,protagonist,Escavalier,Escavalier,Karrablast,Y
Nate,protagonist,Excadrill,Excadrill,Drilbur,Y
Nate,protagonist,Ferrothorn,Ferrothorn,Ferroseed,Y
Nate,protagonist,Gigalith,Gigalith,Roggenrola,Y
Nate,protagonist,Golurk,Golurk,Golett,Y
Nate,protagonist,Gothitelle,Gothitelle,Gothita,Y
Nate,protagonist,Haxorus,Haxorus,Axew,Y
Nate,protagonist,Jellicent,Jellicent,Frillish,Y
Nate,protagonist,Klinklang,Klinklang,Klink,Y
Nate,protagonist,Krookodile,Krookodile,Sandile,Y
Nate,protagonist,Lilligant,Lilligant,Petilil,Y
Nate,protagonist,Lucario,Lucario,Riolu,Y
Nate,protagonist,Mandibuzz,Mandibuzz,Vullaby,Y
Nate,protagonist,Mienshao,Mienshao,Mienfoo,Y
Nate,protagonist,Musharna,Musharna,Munna,Y
Nate,protagonist,Panpour,Panpour,Panpour,Y
Nate,protagonist,Pansage,Pansage,Pansage,Y
Nate,protagonist,Pansear,Pansear,Pansear,Y
Nate,protagonist,Pignite,Pignite,Tepig,Y
Nate,protagonist,Reuniclus,Reuniclus,Solosis,Y
Nate,protagonist,Samurott,Samurott,Oshawott,Y
Nate,protagonist,Sawk,Sawk,Sawk,Y
Nate,protagonist,Scrafty,Scrafty,Scraggy,Y
Nate,protagonist,Servine,Servine,Snivy,Y
Nate,protagonist,Tepig,Tepig,Tepig,Y
Nate,protagonist,Throh,Throh,Throh,Y
Nate,protagonist,Vanilluxe,Vanilluxe,Vanillite,Y
Nemona,champion,Crocalor,Crocalor,Fuecoco,Y
Nemona,champion,Cyclizar,Cyclizar,Cyclizar,Y
Nemona,champion,Decidueye,Decidueye,Rowlet,Y
Nemona,champion,Dudunsparce,Dudunsparce,Dunsparce,Y
Nemona,champion,Dunsparce,Dunsparce,Dunsparce,Y
Nemona,champion,Dusknoir,Dusknoir,Duskull,Y
Nemona,champion,Floragato,Floragato,Sprigatito,Y
Nemona,champion,Fuecoco,Fuecoco,Fuecoco,Y
Nemona,champion,Goodra,Goodra,Goomy,Y
Nemona,champion,Goomy,Goomy,Goomy,Y
Nemona,champion,Greninja,Greninja,Froakie,Y
Nemona,champion,Infernape,Infernape,Chimchar,Y
Nemona,champion,Kilowattrel,Kilowattrel,Wattrel,Y
Nemona,champion,Kommo-o,Kommo-o,Jangmo-o,Y
Nemona,champion,Lechonk,Lechonk,Lechonk,Y
Nemona,champion,Lycanroc,Lycanroc,Rockruff,Y
Nemona,champion,Meowscarada,Meowscarada,Sprigatito,Y
Nemona,champion,Milotic,Milotic,Feebas,Y
Nemona,champion,Orthworm,Orthworm,Orthworm,Y
Nemona,champion,Pawmi,Pawmi,Pawmi,Y
Nemona,champion,Pawmo,Pawmo,Pawmi,Y
Nemona,champion,Pawmot,Pawmot,Pawmi,Y
Nemona,champion,Quaquaval,Quaquaval,Quaxly,Y
Nemona,champion,Quaxly,Quaxly,Quaxly,Y
Nemona,champion,Quaxwell,Quaxwell,Quaxly,Y
Nemona,champion,Ribombee,Ribombee,Cutiefly,Y
Nemona,champion,Rockruff,Rockruff,Rockruff,Y
Nemona,champion,Rowlet,Rowlet,Rowlet,Y
Nemona,champion,Scream Tail,Screamtail,Scream Tail,Y
Nemona,champion,ScreamTail,Screamtail,Scream Tail,Y
Nemona,champion,Skeledirge,Skeledirge,Fuecoco,Y
Nemona,champion,Sliggoo,Sliggoo,Goomy,Y
Nemona,champion,Smoliv,Smoliv,Smoliv,Y
Nemona,champion,Sprigatito,Sprigatito,Sprigatito,Y
Nemona,champion,Tauros,Tauros,Tauros,Y
Nemona,champion,Wattrel,Wattrel,Wattrel,Y
Nessa,gymleader,Arrokuda,Arrokuda,Arrokuda,Y
Nessa,gymleader,Barraskewda,Barraskewda,Arrokuda,Y
Nessa,gymleader,Drednaw,Drednaw,Chewtle,Y
Nessa,gymleader,Eiscue,Eiscue,Eiscue,Y
Nessa,gymleader,Feebas,Feebas,Feebas,Y
Nessa,gymleader,Goldeen,Goldeen,Goldeen,Y
Nessa,gymleader,Golisopod,Golisopod,Wimpod,Y
Nessa,gymleader,Milotic,Milotic,Feebas,Y
Nessa,gymleader,Pelipper,Pelipper,Wingull,Y
Nessa,gymleader,Quagsire,Quagsire,Wooper,Y
Nessa,gymleader,Seaking,Seaking,Goldeen,Y
Nessa,gymleader,Toxapex,Toxapex,Mareanie,Y
Noland,frontier,Articuno,Articuno,Articuno,Y
Noland,frontier,Breloom,Breloom,Shroomish,Y
Noland,frontier,Camerupt,Camerupt,Numel,Y
Noland,frontier,Golduck,Golduck,Psyduck,Y
Noland,frontier,Lairon,Lairon,Aron,Y
Noland,frontier,Machamp,Machamp,Machop,Y
Noland,frontier,Manectric,Manectric,Electrike,Y
Noland,frontier,Mawile,Mawile,Mawile,Y
Noland,frontier,Ninjask,Ninjask,Nincada,Y
Noland,frontier,Pinsir,Pinsir,Pinsir,Y
Noland,frontier,Rhydon,Rhydon,Rhyhorn,Y
Noland,frontier,Rhyhorn,Rhyhorn,Rhyhorn,Y
Noland,frontier,Sandslash,Sandslash,Sandshrew,Y
Noland,frontier,Smeargle,Smeargle,Smeargle,Y
Noland,frontier,Trapinch,Trapinch,Trapinch,Y
Noland,frontier,Venusaur,Venusaur,Bulbasaur,Y
Norman,gymleader,Ambipom,Ambipom,Aipom,Y
Norman,gymleader,Blissey,Blissey,Happiny,Y
Norman,gymleader,Bouffalant,Bouffalant,Bouffalant,Y
Norman,gymleader,Castform,Castform,Castform,Y
Norman,gymleader,Chansey,Chansey,Happiny,Y
Norman,gymleader,Exploud,Exploud,Whismur,Y
Norman,gymleader,Kangaskhan,Kangaskhan,Kangaskhan,Y
Norman,gymleader,Kecleon,Kecleon,Kecleon,Y
Norman,gymleader,Linoone,Linoone,Zigzagoon,Y
Norman,gymleader,Sawsbuck,Sawsbuck,Deerling,Y
Norman,gymleader,Slaking,Slaking,Slakoth,Y
Norman,gymleader,Slakoth,Slakoth,Slakoth,Y
Norman,gymleader,Spinda,Spinda,Spinda,Y
Norman,gymleader,Staraptor,Staraptor,Starly,Y
Norman,gymleader,Stoutland,Stoutland,Lillipup,Y
Norman,gymleader,Tauros,Tauros,Tauros,Y
Norman,gymleader,Vigoroth,Vigoroth,Slakoth,Y
Norman,gymleader,Zangoose,Zangoose,Zangoose,Y
Norman,gymleader,Zigzagoon,Zigzagoon,Zigzagoon,Y
Oak,professor,Beedrill,Beedrill,Weedle,Y
Oak,professor,Bellossom,Bellossom,Oddish,Y
Oak,professor,Bellsprout,Bellsprout,Bellsprout,Y
Oak,professor,Bulbasaur,Bulbasaur,Bulbasaur,Y
Oak,professor,Butterfree,Butterfree,Caterpie,Y
Oak,professor,Caterpie,Caterpie,Caterpie,Y
Oak,professor,Charmander,Charmander,Charmander,Y
Oak,professor,Charmeleon,Charmeleon,Charmander,Y
Oak,professor,Corsola,Corsola,Corsola,Y
Oak,professor,Dewgong,Dewgong,Seel,Y
Oak,professor,Dodrio,Dodrio,Doduo,Y
Oak,professor,Dragonite,Dragonite,Dratini,Y
Oak,professor,Dratini,Dratini,Dratini,Y
Oak,professor,Dugtrio,Dugtrio,Diglett,Y
Oak,professor,Eevee,Eevee,Eevee,Y
Oak,professor,Electrode,Electrode,Voltorb,Y
Oak,professor,Exeggcute,Exeggcute,Exeggcute,Y
Oak,professor,Exeggutor,Exeggutor,Exeggcute,Y
Oak,professor,Geodude,Geodude,Geodude,Y
Oak,professor,Gloom,Gloom,Oddish,Y
Oak,professor,Goldeen,Goldeen,Goldeen,Y
Oak,professor,Growlithe,Growlithe,Growlithe,Y
Oak,professor,Gyarados,Gyarados,Magikarp,Y
Oak,professor,Hoothoot,Hoothoot,Hoothoot,Y
Oak,professor,Hoppip,Hoppip,Hoppip,Y
Oak,professor,Horsea,Horsea,Horsea,Y
Oak,professor,Ivysaur,Ivysaur,Bulbasaur,Y
Oak,professor,Jumpluff,Jumpluff,Hoppip,Y
Oak,professor,Kakuna,Kakuna,Weedle,Y
Oak,professor,Krabby,Krabby,Krabby,Y
Oak,professor,Magikarp,Magikarp,Magikarp,Y
Oak,professor,Mankey,Mankey,Mankey,Y
Oak,professor,Marowak,Marowak,Cubone,Y
Oak,professor,Mew,Mew,Mew,Y
Oak,professor,Muk,Muk,Grimer,Y
Oak,professor,Nidoran♀,Nidoran-F,Nidoran♀,Y
Oak,professor,Nidoran♂,Nidoran-M,Nidoran♂,Y
Oak,professor,Nidorino,Nidorino,Nidoran♂,Y
Oak,professor,Ninetales,Ninetales,Vulpix,Y
Oak,professor,Oddish,Oddish,Oddish,Y
Oak,professor,Onix,Onix,Onix,Y
Oak,professor,Paras,Paras,Paras,Y
Oak,professor,Parasect,Parasect,Paras,Y
Oak,professor,Pidgeotto,Pidgeotto,Pidgey,Y
Oak,professor,Pidgey,Pidgey,Pidgey,Y
Oak,professor,Pidove,Pidove,Pidove,Y
Oak,professor,Pikachu,Pikachu,Pichu,Y
Oak,professor,Poliwag,Poliwag,Poliwag,Y
Oak,professor,Poliwhirl,Poliwhirl,Poliwag,Y
Oak,professor,Ponyta,Ponyta,Ponyta,Y
Oak,professor,Primeape,Primeape,Mankey,Y
Oak,professor,Psyduck,Psyduck,Psyduck,Y
Oak,professor,Quagsire,Quagsire,Wooper,Y
Oak,professor,Raichu,Raichu,Pichu,Y
Oak,professor,Rapidash,Rapidash,Ponyta,Y
Oak,professor,Raticate,Raticate,Rattata,Y
Oak,professor,Rattata,Rattata,Rattata,Y
Oak,professor,Rhydon,Rhydon,Rhyhorn,Y
Oak,professor,Rhyhorn,Rhyhorn,Rhyhorn,Y
Oak,professor,Rotom,Rotom,Rotom,Y
Oak,professor,Sandshrew,Sandshrew,Sandshrew,Y
Oak,professor,Sandslash,Sandslash,Sandshrew,Y
Oak,professor,Seadra,Seadra,Horsea,Y
Oak,professor,Seaking,Seaking,Goldeen,Y
Oak,professor,Seel,Seel,Seel,Y
Oak,professor,Skiploom,Skiploom,Hoppip,Y
Oak,professor,Slowpoke,Slowpoke,Slowpoke,Y
Oak,professor,Snorlax,Snorlax,Munchlax,Y
Oak,professor,Spearow,Spearow,Spearow,Y
Oak,professor,Squirtle,Squirtle,Squirtle,Y
Oak,professor,Starly,Starly,Starly,Y
Oak,professor,Starmie,Starmie,Staryu,Y
Oak,professor,Staryu,Staryu,Staryu,Y
Oak,professor,Taillow,Taillow,Taillow,Y
Oak,professor,Tangela,Tangela,Tangela,Y
Oak,professor,Tentacool,Tentacool,Tentacool,Y
Oak,professor,Tentacruel,Tentacruel,Tentacool,Y
Oak,professor,Venusaur,Venusaur,Bulbasaur,Y
Oak,professor,Victreebel,Victreebel,Bellsprout,Y
Oak,professor,Vileplume,Vileplume,Oddish,Y
Oak,professor,Voltorb,Voltorb,Voltorb,Y
Oak,professor,Weepinbell,Weepinbell,Bellsprout,Y
Olivia,gymleader,Anorith,Anorith,Anorith,Y
Olivia,gymleader,Armaldo,Armaldo,Anorith,Y
Olivia,gymleader,Boldore,Boldore,Roggenrola,Y
Olivia,gymleader,Carbink,Carbink,Carbink,Y
Olivia,gymleader,Cradily,Cradily,Lileep,Y
Olivia,gymleader,Gigalith,Gigalith,Roggenrola,Y
Olivia,gymleader,Golem,Golem,Geodude,Y
Olivia,gymleader,Lileep,Lileep,Lileep,Y
Olivia,gymleader,Lycanroc,Lycanroc,Rockruff,Y
Olivia,gymleader,Nosepass,Nosepass,Nosepass,Y
Olivia,gymleader,Probopass,Probopass,Nosepass,Y
Olivia,gymleader,Relicanth,Relicanth,Relicanth,Y
Olivia,gymleader,Rockruff,Rockruff,Rockruff,Y
Olivia,gymleader,Stufful,Stufful,Stufful,Y
Olympia,gymleader,Meowstic,Meowstic,Espurr,Y
Olympia,gymleader,Sigilyph,Sigilyph,Sigilyph,Y
Olympia,gymleader,Slowking,Slowking,Slowpoke,Y
Opal,gymleader,Alcremie,Alcremie,Milcery,Y
Opal,gymleader,Mawile,Mawile,Mawile,Y
Opal,gymleader,Togekiss,Togekiss,Togepi,Y
Opal,gymleader,Weezing,Weezing,Koffing,Y
Palina,warden,Growlithe,Growlithe,Growlithe,Y
Palina,warden,Hisuian Arcanine,Arcanine-Hisui,Growlithe,Y
Palina,warden,Hisuian Growlithe,Growlithe-Hisui,Growlithe,Y
Palmer,frontier,Cranidos,Cranidos,Cranidos,Y
Palmer,frontier,Cresselia,Cresselia,Cresselia,Y
Palmer,frontier,Dragonite,Dragonite,Dratini,Y
Palmer,frontier,Heatran,Heatran,Heatran,Y
Palmer,frontier,Milotic,Milotic,Feebas,Y
Palmer,frontier,Regigigas,Regigigas,Regigigas,Y
Palmer,frontier,Rhyperior,Rhyperior,Rhyhorn,Y
Paul,anime,Aggron,Aggron,Aron,Y
Paul,anime,Azumarill,Azumarill,Azurill,Y
Paul,anime,Chimchar,Chimchar,Chimchar,Y
Paul,anime,Drapion,Drapion,Skorupi,Y
Paul,anime,Electabuzz,Electabuzz,Elekid,Y
Paul,anime,Electivire,Electivire,Elekid,Y
Paul,anime,Elekid,Elekid,Elekid,Y
Paul,anime,Froslass,Froslass,Snorunt,Y
Paul,anime,Garchomp,Garchomp,Gible,Y
Paul,anime,Gastrodon,Gastrodon,Shellos,Y
Paul,anime,Gligar,Gligar,Gligar,Y
Paul,anime,Gliscor,Gliscor,Gligar,Y
Paul,anime,Gyarados,Gyarados,Magikarp,Y
Paul,anime,Hariyama,Hariyama,Makuhita,Y
Paul,anime,Honchkrow,Honchkrow,Murkrow,Y
Paul,anime,Lairon,Lairon,Aron,Y
Paul,anime,Magmar,Magmar,Magby,Y
Paul,anime,Magmortar,Magmortar,Magby,Y
Paul,anime,Metagross,Metagross,Beldum,Y
Paul,anime,Monferno,Monferno,Chimchar,Y
Paul,anime,Murkrow,Murkrow,Murkrow,Y
Paul,anime,Nidoking,Nidoking,Nidoran♂,Y
Paul,anime,Ninjask,Ninjask,Nincada,Y
Paul,anime,Stantler,Stantler,Stantler,Y
Paul,anime,Staraptor,Staraptor,Starly,Y
Paul,anime,Starly,Starly,Starly,Y
Paul,anime,Torterra,Torterra,Turtwig,Y
Paul,anime,Ursaring,Ursaring,Teddiursa,Y
Paul,anime,Weavile,Weavile,Sneasel,Y
Penny,rival,Eevee,Eevee,Eevee,Y
Penny,rival,Espeon,Espeon,Eevee,Y
Penny,rival,Flareon,Flareon,Eevee,Y
Penny,rival,Glaceon,Glaceon,Eevee,Y
Penny,rival,Jolteon,Jolteon,Eevee,Y
Penny,rival,Leafeon,Leafeon,Eevee,Y
Penny,rival,Sylveon,Sylveon,Eevee,Y
Penny,rival,Umbreon,Umbreon,Eevee,Y
Penny,rival,Vaporeon,Vaporeon,Eevee,Y
Pesselle,galaxy,Croagunk,Croagunk,Croagunk,Y
Phoebe,elite4,Banette,Banette,Shuppet,Y
Phoebe,elite4,Chandelure,Chandelure,Litwick,Y
Phoebe,elite4,Cofagrigus,Cofagrigus,Yamask,Y
Phoebe,elite4,Drifblim,Drifblim,Drifloon,Y
Phoebe,elite4,Dusclops,Dusclops,Duskull,Y
Phoebe,elite4,Dusknoir,Dusknoir,Duskull,Y
Phoebe,elite4,Mismagius,Mismagius,Misdreavus,Y
Phoebe,elite4,Regice,Regice,Regice,Y
Phoebe,elite4,Sableye,Sableye,Sableye,Y
Piers,gymleader,Malamar,Malamar,Inkay,Y
Piers,gymleader,Morpeko,Morpeko,Morpeko,Y
Piers,gymleader,Obstagoon,Obstagoon,Zigzagoon,Y
Piers,gymleader,Scrafty,Scrafty,Scraggy,Y
Piers,gymleader,Skuntank,Skuntank,Stunky,Y
Piers,gymleader,Toxtricity,Toxtricity,Toxel,Y
Plumeria,villain,Cosmoem,Cosmoem,Cosmog,Y
Plumeria,villain,Cosmog,Cosmog,Cosmog,Y
Plumeria,villain,Crobat,Crobat,Zubat,Y
Plumeria,villain,Gengar,Gengar,Gastly,Y
Plumeria,villain,Golbat,Golbat,Zubat,Y
Plumeria,villain,Lurantis,Lurantis,Fomantis,Y
Plumeria,villain,Muk,Muk,Grimer,Y
Plumeria,villain,Salandit,Salandit,Salandit,Y
Plumeria,villain,Salazzle,Salazzle,Salandit,Y
Plumeria,villain,Toxapex,Toxapex,Mareanie,Y
Poppy,elite4,Bastiodon,Bastiodon,Shieldon,Y
Poppy,elite4,Bronzong,Bronzong,Bronzor,Y
Poppy,elite4,Copperajah,Copperajah,Cufant,Y
Poppy,elite4,Corviknight,Corviknight,Rookidee,Y
Poppy,elite4,Iron Treads,Iron Treads,Iron Treads,Y
Poppy,elite4,IronTreads,Iron Treads,Iron Treads,Y
Poppy,elite4,Magnezone,Magnezone,Magnemite,Y
Poppy,elite4,Rookidee,Rookidee,Rookidee,Y
Poppy,elite4,Tinkaton,Tinkaton,Tinkatink,Y
Poppy,elite4,Tinkatuff,Tinkatuff,Tinkatink,Y
Pryce,gymleader,Abomasnow,Abomasnow,Snover,Y
Pryce,gymleader,Articuno,Articuno,Articuno,Y
Pryce,gymleader,Celebi,Celebi,Celebi,Y
Pryce,gymleader,Cloyster,Cloyster,Shellder,Y
Pryce,gymleader,Delibird,Delibird,Delibird,Y
Pryce,gymleader,Dewgong,Dewgong,Seel,Y
Pryce,gymleader,Donphan,Donphan,Phanpy,Y
Pryce,gymleader,Froslass,Froslass,Snorunt,Y
Pryce,gymleader,Girafarig,Girafarig,Girafarig,Y
Pryce,gymleader,Glalie,Glalie,Snorunt,Y
Pryce,gymleader,Hitmontop,Hitmontop,Tyrogue,Y
Pryce,gymleader,Jynx,Jynx,Smoochum,Y
Pryce,gymleader,Lapras,Lapras,Lapras,Y
Pryce,gymleader,Mamoswine,Mamoswine,Swinub,Y
Pryce,gymleader,Piloswine,Piloswine,Swinub,Y
Pryce,gymleader,Quagsire,Quagsire,Wooper,Y
Pryce,gymleader,Seel,Seel,Seel,Y
Pryce,gymleader,Shellder,Shellder,Shellder,Y
Pryce,gymleader,Swinub,Swinub,Swinub,Y
Pryce,gymleader,Tentacruel,Tentacruel,Tentacool,Y
Pryce,gymleader,Ursaring,Ursaring,Teddiursa,Y
Pryce,gymleader,Walrein,Walrein,Spheal,Y
Pryce,gymleader,Weavile,Weavile,Sneasel,Y
Raihan,gymleader,Archaludon,Archaludon,Duraludon,Y
Raihan,gymleader,Duraludon,Duraludon,Duraludon,Y
Raihan,gymleader,Flygon,Flygon,Trapinch,Y
Raihan,gymleader,Gigalith,Gigalith,Roggenrola,Y
Raihan,gymleader,Goodra,Goodra,Goomy,Y
Raihan,gymleader,Sandaconda,Sandaconda,Silicobra,Y
Raihan,gymleader,Torkoal,Torkoal,Torkoal,Y
Raihan,gymleader,Turtonator,Turtonator,Turtonator,Y
Ramos,gymleader,Bellossom,Bellossom,Oddish,Y
Ramos,gymleader,Exeggutor,Exeggutor,Exeggcute,Y
Ramos,gymleader,Gogoat,Gogoat,Skiddo,Y
Ramos,gymleader,Jumpluff,Jumpluff,Hoppip,Y
Ramos,gymleader,Oddish,Oddish,Oddish,Y
Ramos,gymleader,Sunflora,Sunflora,Sunkern,Y
Ramos,gymleader,Victreebel,Victreebel,Bellsprout,Y
Ramos,gymleader,Vileplume,Vileplume,Oddish,Y
Ramos,gymleader,Weepinbell,Weepinbell,Bellsprout,Y
Red,protagonist,Arbok,Arbok,Ekans,Y
Red,protagonist,Arcanine,Arcanine,Growlithe,Y
Red,protagonist,Articuno,Articuno,Articuno,Y
Red,protagonist,Bellsprout,Bellsprout,Bellsprout,Y
Red,protagonist,Blastoise,Blastoise,Squirtle,Y
Red,protagonist,Bulbasaur,Bulbasaur,Bulbasaur,Y
Red,protagonist,Chansey,Chansey,Happiny,Y
Red,protagonist,Charizard,Charizard,Charmander,Y
Red,protagonist,Charmander,Charmander,Charmander,Y
Red,protagonist,Dodrio,Dodrio,Doduo,Y
Red,protagonist,Doduo,Doduo,Doduo,Y
Red,protagonist,Dragonite,Dragonite,Dratini,Y
Red,protagonist,Eevee,Eevee,Eevee,Y
Red,protagonist,Ekans,Ekans,Ekans,Y
Red,protagonist,Entei,Entei,Entei,Y
Red,protagonist,Espeon,Espeon,Eevee,Y
Red,protagonist,Fearow,Fearow,Spearow,Y
Red,protagonist,Feraligatr,Feraligatr,Totodile,Y
Red,protagonist,Gastly,Gastly,Gastly,Y
Red,protagonist,Gengar,Gengar,Gastly,Y
Red,protagonist,Happiny,Happiny,Happiny,Y
Red,protagonist,Hitmonlee,Hitmonlee,Tyrogue,Y
Red,protagonist,Ivysaur,Ivysaur,Bulbasaur,Y
Red,protagonist,Jolteon,Jolteon,Eevee,Y
Red,protagonist,Kabuto,Kabuto,Kabuto,Y
Red,protagonist,Kabutops,Kabutops,Kabuto,Y
Red,protagonist,Lapras,Lapras,Lapras,Y
Red,protagonist,Machamp,Machamp,Machop,Y
Red,protagonist,Magikarp,Magikarp,Magikarp,Y
Red,protagonist,Meganium,Meganium,Chikorita,Y
Red,protagonist,Meowth,Meowth,Meowth,Y
Red,protagonist,Mewtwo,Mewtwo,Mewtwo,Y
Red,protagonist,Moltres,Moltres,Moltres,Y
Red,protagonist,Nidoran♀,Nidoran-F,Nidoran♀,Y
Red,protagonist,Nidoran♂,Nidoran-M,Nidoran♂,Y
Red,protagonist,Persian,Persian,Meowth,Y
Red,protagonist,Pidgey,Pidgey,Pidgey,Y
Red,protagonist,Pikachu,Pikachu,Pichu,Y
Red,protagonist,Ponyta,Ponyta,Ponyta,Y
Red,protagonist,Psyduck,Psyduck,Psyduck,Y
Red,protagonist,Raikou,Raikou,Raikou,Y
Red,protagonist,Rapidash,Rapidash,Ponyta,Y
Red,protagonist,Rattata,Rattata,Rattata,Y
Red,protagonist,Scizor,Scizor,Scyther,Y
Red,protagonist,Scyther,Scyther,Scyther,Y
Red,protagonist,Snorlax,Snorlax,Munchlax,Y
Red,protagonist,Spearow,Spearow,Spearow,Y
Red,protagonist,Squirtle,Squirtle,Squirtle,Y
Red,protagonist,Suicune,Suicune,Suicune,Y
Red,protagonist,Tauros,Tauros,Tauros,Y
Red,protagonist,Tentacool,Tentacool,Tentacool,Y
Red,protagonist,Typhlosion,Typhlosion,Cyndaquil,Y
Red,protagonist,Tyrogue,Tyrogue,Tyrogue,Y
Red,protagonist,Venusaur,Venusaur,Bulbasaur,Y
Red,protagonist,Victreebel,Victreebel,Bellsprout,Y
Red,protagonist,Zapdos,Zapdos,Zapdos,Y
Rei,protagonist,Clefairy,Clefairy,Cleffa,Y
Rei,protagonist,Cyndaquil,Cyndaquil,Cyndaquil,Y
Rei,protagonist,Empoleon,Empoleon,Piplup,Y
Rei,protagonist,Infernape,Infernape,Chimchar,Y
Rei,protagonist,Mr. Mime,Mr. Mime,Mime Jr.,Y
Rei,protagonist,Oshawott,Oshawott,Oshawott,Y
Rei,protagonist,Pikachu,Pikachu,Pichu,Y
Rei,protagonist,Rowlet,Rowlet,Rowlet,Y
Rei,protagonist,Staraptor,Staraptor,Starly,Y
Rei,protagonist,Torterra,Torterra,Turtwig,Y
Ress,galaxy,Bidoof,Bidoof,Bidoof,Y
Ress,galaxy,Shinx,Shinx,Shinx,Y
Ress,galaxy,Starly,Starly,Starly,Y
Rika,elite4,Camerupt,Camerupt,Numel,Y
Rika,elite4,Clodsire,Clodsire,Wooper,Y
Rika,elite4,Donphan,Donphan,Phanpy,Y
Rika,elite4,Dugtrio,Dugtrio,Diglett,Y
Rika,elite4,Great Tusk,Great Tusk,Great Tusk,Y
Rika,elite4,Quagsire,Quagsire,Wooper,Y
Rika,elite4,Torterra,Torterra,Turtwig,Y
Rika,elite4,Whiscash,Whiscash,Barboach,Y
Rika,elite4,Wooper,Wooper,Wooper,Y
Ritchie,anime,Butterfree,Butterfree,Caterpie,Y
Ritchie,anime,Charizard,Charizard,Charmander,Y
Ritchie,anime,Charmander,Charmander,Charmander,Y
Ritchie,anime,Charmeleon,Charmeleon,Charmander,Y
Ritchie,anime,Eevee,Eevee,Eevee,Y
Ritchie,anime,Pikachu,Pikachu,Pichu,Y
Ritchie,anime,Pupitar,Pupitar,Larvitar,Y
Ritchie,anime,Taillow,Taillow,Taillow,Y
Roark,gymleader,Aerodactyl,Aerodactyl,Aerodactyl,Y
Roark,gymleader,Archeops,Archeops,Archen,Y
Roark,gymleader,Armaldo,Armaldo,Anorith,Y
Roark,gymleader,Bagon,Bagon,Bagon,Y
Roark,gymleader,Cranidos,Cranidos,Cranidos,Y
Roark,gymleader,Crustle,Crustle,Dwebble,Y
Roark,gymleader,Geodude,Geodude,Geodude,Y
Roark,gymleader,Golem,Golem,Geodude,Y
Roark,gymleader,Lunatone,Lunatone,Lunatone,Y
Roark,gymleader,Onix,Onix,Onix,Y
Roark,gymleader,Probopass,Probopass,Nosepass,Y
Roark,gymleader,Rampardos,Rampardos,Cranidos,Y
Roark,gymleader,Relicanth,Relicanth,Relicanth,Y
Roark,gymleader,Salamence,Salamence,Bagon,Y
Roark,gymleader,Slowbro,Slowbro,Slowpoke,Y
Roark,gymleader,Slowpoke,Slowpoke,Slowpoke,Y
Roark,gymleader,Sudowoodo,Sudowoodo,Bonsly,Y
Roark,gymleader,Torkoal,Torkoal,Torkoal,Y
Roark,gymleader,Tyranitar,Tyranitar,Larvitar,Y
Rosa,protagonist,Accelgor,Accelgor,Shelmet,Y
Rosa,protagonist,Alomomola,Alomomola,Alomomola,Y
Rosa,protagonist,Amoonguss,Amoonguss,Foongus,Y
Rosa,protagonist,Archen,Archen,Archen,Y
Rosa,protagonist,Archeops,Archeops,Archen,Y
Rosa,protagonist,Audino,Audino,Audino,Y
Rosa,protagonist,Axew,Axew,Axew,Y
Rosa,protagonist,Beartic,Beartic,Cubchoo,Y
Rosa,protagonist,Bisharp,Bisharp,Pawniard,Y
Rosa,protagonist,Bouffalant,Bouffalant,Bouffalant,Y
Rosa,protagonist,Braviary,Braviary,Rufflet,Y
Rosa,protagonist,Chandelure,Chandelure,Litwick,Y
Rosa,protagonist,Cofagrigus,Cofagrigus,Yamask,Y
Rosa,protagonist,Conkeldurr,Conkeldurr,Timburr,Y
Rosa,protagonist,Cryogonal,Cryogonal,Cryogonal,Y
Rosa,protagonist,Cubchoo,Cubchoo,Cubchoo,Y
Rosa,protagonist,Darmanitan,Darmanitan,Darumaka,Y
Rosa,protagonist,Darumaka,Darumaka,Darumaka,Y
Rosa,protagonist,Deerling,Deerling,Deerling,Y
Rosa,protagonist,Delibird,Delibird,Delibird,Y
Rosa,protagonist,Dewott,Dewott,Oshawott,Y
Rosa,protagonist,Drilbur,Drilbur,Drilbur,Y
Rosa,protagonist,Druddigon,Druddigon,Druddigon,Y
Rosa,protagonist,Durant,Durant,Durant,Y
Rosa,protagonist,Eelektross,Eelektross,Tynamo,Y
Rosa,protagonist,Escavalier,Escavalier,Karrablast,Y
Rosa,protagonist,Excadrill,Excadrill,Drilbur,Y
Rosa,protagonist,Ferroseed,Ferroseed,Ferroseed,Y
Rosa,protagonist,Ferrothorn,Ferrothorn,Ferroseed,Y
Rosa,protagonist,Foongus,Foongus,Foongus,Y
Rosa,protagonist,Frillish,Frillish,Frillish,Y
Rosa,protagonist,Gigalith,Gigalith,Roggenrola,Y
Rosa,protagonist,Golett,Golett,Golett,Y
Rosa,protagonist,Golurk,Golurk,Golett,Y
Rosa,protagonist,Gothita,Gothita,Gothita,Y
Rosa,protagonist,Gothitelle,Gothitelle,Gothita,Y
Rosa,protagonist,Haxorus,Haxorus,Axew,Y
Rosa,protagonist,Jellicent,Jellicent,Frillish,Y
Rosa,protagonist,Karrablast,Karrablast,Karrablast,Y
Rosa,protagonist,Klink,Klink,Klink,Y
Rosa,protagonist,Klinklang,Klinklang,Klink,Y
Rosa,protagonist,Krookodile,Krookodile,Sandile,Y
Rosa,protagonist,Lilligant,Lilligant,Petilil,Y
Rosa,protagonist,Litwick,Litwick,Litwick,Y
Rosa,protagonist,Mandibuzz,Mandibuzz,Vullaby,Y
Rosa,protagonist,Meloetta,Meloetta,Meloetta,Y
Rosa,protagonist,Mienfoo,Mienfoo,Mienfoo,Y
Rosa,protagonist,Mienshao,Mienshao,Mienfoo,Y
Rosa,protagonist,Munna,Munna,Munna,Y
Rosa,protagonist,Musharna,Musharna,Munna,Y
Rosa,protagonist,Oshawott,Oshawott,Oshawott,Y
Rosa,protagonist,Panpour,Panpour,Panpour,Y
Rosa,protagonist,Pansage,Pansage,Pansage,Y
Rosa,protagonist,Pansear,Pansear,Pansear,Y
Rosa,protagonist,Pawniard,Pawniard,Pawniard,Y
Rosa,protagonist,Petilil,Petilil,Petilil,Y
Rosa,protagonist,Pignite,Pignite,Tepig,Y
Rosa,protagonist,Reuniclus,Reuniclus,Solosis,Y
Rosa,protagonist,Roggenrola,Roggenrola,Roggenrola,Y
Rosa,protagonist,Rufflet,Rufflet,Rufflet,Y
Rosa,protagonist,Sandile,Sandile,Sandile,Y
Rosa,protagonist,Sawk,Sawk,Sawk,Y
Rosa,protagonist,Scrafty,Scrafty,Scraggy,Y
Rosa,protagonist,Scraggy,Scraggy,Scraggy,Y
Rosa,protagonist,Serperior,Serperior,Snivy,Y
Rosa,protagonist,Servine,Servine,Snivy,Y
Rosa,protagonist,Shaymin,Shaymin,Shaymin,Y
Rosa,protagonist,Shelmet,Shelmet,Shelmet,Y
Rosa,protagonist,Snivy,Snivy,Snivy,Y
Rosa,protagonist,Solosis,Solosis,Solosis,Y
Rosa,protagonist,Tepig,Tepig,Tepig,Y
Rosa,protagonist,Throh,Throh,Throh,Y
Rosa,protagonist,Timburr,Timburr,Timburr,Y
Rosa,protagonist,Tynamo,Tynamo,Tynamo,Y
Rosa,protagonist,Vanillite,Vanillite,Vanillite,Y
Rosa,protagonist,Vanilluxe,Vanilluxe,Vanillite,Y
Rosa,protagonist,Vullaby,Vullaby,Vullaby,Y
Rosa,protagonist,Yamask,Yamask,Yamask,Y
Rose,villain,Copperajah,Copperajah,Cufant,Y
Rose,villain,Cufant,Cufant,Cufant,Y
Rose,villain,Escavalier,Escavalier,Karrablast,Y
Rose,villain,Eternatus,Eternatus,Eternatus,Y
Rose,villain,Ferrothorn,Ferrothorn,Ferroseed,Y
Rose,villain,Hatenna,Hatenna,Hatenna,Y
Rose,villain,Klinklang,Klinklang,Klink,Y
Rose,villain,Perrserker,Perrserker,Meowth,Y
Rowan,professor,Chimchar,Chimchar,Chimchar,Y
Rowan,professor,Infernape,Infernape,Chimchar,Y
Rowan,professor,Kricketot,Kricketot,Kricketot,Y
Rowan,professor,Piplup,Piplup,Piplup,Y
Rowan,professor,Shinx,Shinx,Shinx,Y
Rowan,professor,Staraptor,Staraptor,Starly,Y
Rowan,professor,Starly,Starly,Starly,Y
Rowan,professor,Turtwig,Turtwig,Turtwig,Y
Roxanne,gymleader,Aerodactyl,Aerodactyl,Aerodactyl,Y
Roxanne,gymleader,Aggron,Aggron,Aron,Y
Roxanne,gymleader,Armaldo,Armaldo,Anorith,Y
Roxanne,gymleader,Carracosta,Carracosta,Tirtouga,Y
Roxanne,gymleader,Cradily,Cradily,Lileep,Y
Roxanne,gymleader,Geodude,Geodude,Geodude,Y
Roxanne,gymleader,Golem,Golem,Geodude,Y
Roxanne,gymleader,Graveler,Graveler,Geodude,Y
Roxanne,gymleader,Kabuto,Kabuto,Kabuto,Y
Roxanne,gymleader,Kabutops,Kabutops,Kabuto,Y
Roxanne,gymleader,Nosepass,Nosepass,Nosepass,Y
Roxanne,gymleader,Omanyte,Omanyte,Omanyte,Y
Roxanne,gymleader,Omastar,Omastar,Omanyte,Y
Roxanne,gymleader,Onix,Onix,Onix,Y
Roxanne,gymleader,Probopass,Probopass,Nosepass,Y
Roxanne,gymleader,Relicanth,Relicanth,Relicanth,Y
Roxanne,gymleader,Runerigus,Runerigus,Yamask,Y
Roxanne,gymleader,Steelix,Steelix,Onix,Y
Roxie,gymleader,Amoonguss,Amoonguss,Foongus,Y
Roxie,gymleader,Crobat,Crobat,Zubat,Y
Roxie,gymleader,Drapion,Drapion,Skorupi,Y
Roxie,gymleader,Garbodor,Garbodor,Trubbish,Y
Roxie,gymleader,Golbat,Golbat,Zubat,Y
Roxie,gymleader,Grimer,Grimer,Grimer,Y
Roxie,gymleader,Koffing,Koffing,Koffing,Y
Roxie,gymleader,Muk,Muk,Grimer,Y
Roxie,gymleader,Scolipede,Scolipede,Venipede,Y
Roxie,gymleader,Seviper,Seviper,Seviper,Y
Roxie,gymleader,Toxicroak,Toxicroak,Croagunk,Y
Roxie,gymleader,Toxtricity,Toxtricity,Toxel,Y
Roxie,gymleader,Whirlipede,Whirlipede,Venipede,Y
Rye,galaxy,Lucario,Lucario,Riolu,Y
Ryme,gymleader,Banette,Banette,Shuppet,Y
Ryme,gymleader,Golurk,Golurk,Golett,Y
Ryme,gymleader,Greavard,Greavard,Greavard,Y
Ryme,gymleader,Houndstone,Houndstone,Greavard,Y
Ryme,gymleader,Mimikyu,Mimikyu,Mimikyu,Y
Ryme,gymleader,Spiritomb,Spiritomb,Spiritomb,Y
Ryme,gymleader,Toxtricity,Toxtricity,Toxel,Y
Sabi,warden,Electivire,Electivire,Elekid,Y
Sabi,warden,Hisuian Braviary,Braviary-Hisui,Rufflet,Y
Sabi,warden,Magmortar,Magmortar,Magby,Y
Sabi,warden,Rhyperior,Rhyperior,Rhyhorn,Y
Sabrina,gymleader,Abra,Abra,Abra,Y
Sabrina,gymleader,Alakazam,Alakazam,Abra,Y
Sabrina,gymleader,Chingling,Chingling,Chingling,Y
Sabrina,gymleader,Drowzee,Drowzee,Drowzee,Y
Sabrina,gymleader,Espeon,Espeon,Eevee,Y
Sabrina,gymleader,Exeggutor,Exeggutor,Exeggcute,Y
Sabrina,gymleader,Furret,Furret,Sentret,Y
Sabrina,gymleader,Gallade,Gallade,Ralts,Y
Sabrina,gymleader,Haunter,Haunter,Gastly,Y
Sabrina,gymleader,Hitmonlee,Hitmonlee,Tyrogue,Y
Sabrina,gymleader,Hypno,Hypno,Drowzee,Y
Sabrina,gymleader,Jynx,Jynx,Smoochum,Y
Sabrina,gymleader,Kadabra,Kadabra,Abra,Y
Sabrina,gymleader,Metagross,Metagross,Beldum,Y
Sabrina,gymleader,Mewtwo,Mewtwo,Mewtwo,Y
Sabrina,gymleader,Moltres,Moltres,Moltres,Y
Sabrina,gymleader,Mr. Mime,Mr. Mime,Mime Jr.,Y
Sabrina,gymleader,Sandslash,Sandslash,Sandshrew,Y
Sabrina,gymleader,Scizor,Scizor,Scyther,Y
Sabrina,gymleader,Scyther,Scyther,Scyther,Y
Sabrina,gymleader,Sigilyph,Sigilyph,Sigilyph,Y
Sabrina,gymleader,Slowbro,Slowbro,Slowpoke,Y
Sabrina,gymleader,Slowking,Slowking,Slowpoke,Y
Sabrina,gymleader,Snorlax,Snorlax,Munchlax,Y
Sabrina,gymleader,Swoobat,Swoobat,Woobat,Y
Sabrina,gymleader,Typhlosion,Typhlosion,Cyndaquil,Y
Sabrina,gymleader,Venomoth,Venomoth,Venonat,Y
Sabrina,gymleader,Wigglytuff,Wigglytuff,Igglybuff,Y
Sabrina,gymleader,Wobbuffet,Wobbuffet,Wynaut,Y
Sabrina,gymleader,Woobat,Woobat,Woobat,Y
Sada,professor,Brute Bonnet,Brute Bonnet,Brute Bonnet,Y
Sada,professor,BruteBonet,Brute Bonnet,Brute Bonnet,Y
Sada,professor,Flutter Mane,Flutter Mane,Flutter Mane,Y
Sada,professor,FluttrMane,Flutter Mane,Flutter Mane,Y
Sada,professor,Gouging Fire,Gouging Fire,Gouging Fire,Y
Sada,professor,GougngFire,Gouging Fire,Gouging Fire,Y
Sada,professor,Great Tusk,Great Tusk,Great Tusk,Y
Sada,professor,Koraidon,Koraidon,Koraidon,Y
Sada,professor,Raging Bolt,Raging Bolt,Raging Bolt,Y
Sada,professor,RagingBolt,Raging Bolt,Raging Bolt,Y
Sada,professor,Roaring Moon,Roaring Moon,Roaring Moon,Y
Sada,professor,RoarngMoon,Roaring Moon,Roaring Moon,Y
Sada,professor,Sandy Shocks,Sandy Shocks,Sandy Shocks,Y
Sada,professor,SandyShock,Sandy Shocks,Sandy Shocks,Y
Sada,professor,Scream Tail,Screamtail,Scream Tail,Y
Sada,professor,ScreamTail,Screamtail,Scream Tail,Y
Sada,professor,Slither Wing,Slither Wing,Slither Wing,Y
Sada,professor,SlithrWing,Slither Wing,Slither Wing,Y
Sada,professor,Walking Wake,Walking Wake,Walking Wake,Y
Sada,professor,WalkngWake,Walking Wake,Walking Wake,Y
Samson Oak,professor,Araquanid,Araquanid,Dewpider,Y
Samson Oak,professor,Exeggutor,Exeggutor,Exeggcute,Y
Samson Oak,professor,Golem,Golem,Geodude,Y
Samson Oak,professor,Graveler,Graveler,Geodude,Y
Samson Oak,professor,Gumshoos,Gumshoos,Yungoos,Y
Samson Oak,professor,Komala,Komala,Komala,Y
Samson Oak,professor,Kommo-o,Kommo-o,Jangmo-o,Y
Samson Oak,professor,Lurantis,Lurantis,Fomantis,Y
Samson Oak,professor,Marowak,Marowak,Cubone,Y
Samson Oak,professor,Mimikyu,Mimikyu,Mimikyu,Y
Samson Oak,professor,Raticate,Raticate,Rattata,Y
Samson Oak,professor,Ribombee,Ribombee,Cutiefly,Y
Samson Oak,professor,Salazzle,Salazzle,Salandit,Y
Samson Oak,professor,Togedemaru,Togedemaru,Togedemaru,Y
Samson Oak,professor,Vikavolt,Vikavolt,Grubbin,Y
Samson Oak,professor,Vulpix,Vulpix,Vulpix,Y
Sanqua,galaxy,Bidoof,Bidoof,Bidoof,Y
Sanqua,galaxy,Pichu,Pichu,Pichu,Y
Saturn,villain,Abra,Abra,Abra,Y
Saturn,villain,Absol,Absol,Absol,Y
Saturn,villain,Bronzong,Bronzong,Bronzor,Y
Saturn,villain,Bronzor,Bronzor,Bronzor,Y
Saturn,villain,Croagunk,Croagunk,Croagunk,Y
Saturn,villain,Gallade,Gallade,Ralts,Y
Saturn,villain,Golbat,Golbat,Zubat,Y
Saturn,villain,Heatran,Heatran,Heatran,Y
Saturn,villain,Kadabra,Kadabra,Abra,Y
Saturn,villain,Magmortar,Magmortar,Magby,Y
Saturn,villain,Octillery,Octillery,Remoraid,Y
Saturn,villain,Rhyperior,Rhyperior,Rhyhorn,Y
Saturn,villain,Sableye,Sableye,Sableye,Y
Saturn,villain,Sharpedo,Sharpedo,Carvanha,Y
Saturn,villain,Skuntank,Skuntank,Stunky,Y
Saturn,villain,Toxicroak,Toxicroak,Croagunk,Y
Saturn,villain,Tyranitar,Tyranitar,Larvitar,Y
Sawyer,anime,Aegislash,Aegislash-Shield,Honedge,Y
Sawyer,anime,Bagon,Bagon,Bagon,Y
Sawyer,anime,Clawitzer,Clawitzer,Clauncher,Y
Sawyer,anime,Doublade,Doublade,Honedge,Y
Sawyer,anime,Grovyle,Grovyle,Treecko,Y
Sawyer,anime,Honedge,Honedge,Honedge,Y
Sawyer,anime,Salamence,Salamence,Bagon,Y
Sawyer,anime,Sceptile,Sceptile,Treecko,Y
Sawyer,anime,Shelgon,Shelgon,Bagon,Y
Sawyer,anime,Slaking,Slaking,Slakoth,Y
Sawyer,anime,Slurpuff,Slurpuff,Swirlix,Y
Sawyer,anime,Treecko,Treecko,Treecko,Y
Selene,protagonist,Buzzwole,Buzzwole,Buzzwole,Y
Selene,protagonist,Celesteela,Celesteela,Celesteela,Y
Selene,protagonist,Cosmoem,Cosmoem,Cosmog,Y
Selene,protagonist,Cosmog,Cosmog,Cosmog,Y
Selene,protagonist,Dartrix,Dartrix,Rowlet,Y
Selene,protagonist,Decidueye,Decidueye,Rowlet,Y
Selene,protagonist,Guzzlord,Guzzlord,Guzzlord,Y
Selene,protagonist,Kartana,Kartana,Kartana,Y
Selene,protagonist,Litten,Litten,Litten,Y
Selene,protagonist,Lunala,Lunala,Cosmog,Y
Selene,protagonist,Necrozma,Necrozma,Necrozma,Y
Selene,protagonist,Nihilego,Nihilego,Nihilego,Y
Selene,protagonist,Pheromosa,Pheromosa,Pheromosa,Y
Selene,protagonist,Popplio,Popplio,Popplio,Y
Selene,protagonist,Rotom,Rotom,Rotom,Y
Selene,protagonist,Rowlet,Rowlet,Rowlet,Y
Selene,protagonist,Scizor,Scizor,Scyther,Y
Selene,protagonist,Solgaleo,Solgaleo,Cosmog,Y
Selene,protagonist,Type: Null,Type: Null,Type: Null,Y
Selene,protagonist,Umbreon,Umbreon,Eevee,Y
Selene,protagonist,Xurkitree,Xurkitree,Xurkitree,Y
Serena,protagonist,Absol,Absol,Absol,Y
Serena,protagonist,Altaria,Altaria,Swablu,Y
Serena,protagonist,Braixen,Braixen,Fennekin,Y
Serena,protagonist,Bunnelby,Bunnelby,Bunnelby,Y
Serena,protagonist,Chesnaught,Chesnaught,Chespin,Y
Serena,protagonist,Chespin,Chespin,Chespin,Y
Serena,protagonist,Clefable,Clefable,Cleffa,Y
Serena,protagonist,Delphox,Delphox,Fennekin,Y
Serena,protagonist,Eevee,Eevee,Eevee,Y
Serena,protagonist,Espurr,Espurr,Espurr,Y
Serena,protagonist,Fennekin,Fennekin,Fennekin,Y
Serena,protagonist,Flareon,Flareon,Eevee,Y
Serena,protagonist,Fletchling,Fletchling,Fletchling,Y
Serena,protagonist,Froakie,Froakie,Froakie,Y
Serena,protagonist,Frogadier,Frogadier,Froakie,Y
Serena,protagonist,Greninja,Greninja,Froakie,Y
Serena,protagonist,Jolteon,Jolteon,Eevee,Y
Serena,protagonist,Meowstic,Meowstic,Espurr,Y
Serena,protagonist,Pancham,Pancham,Pancham,Y
Serena,protagonist,Pangoro,Pangoro,Pancham,Y
Serena,protagonist,Quilladin,Quilladin,Chespin,Y
Serena,protagonist,Sylveon,Sylveon,Eevee,Y
Serena,protagonist,Vaporeon,Vaporeon,Eevee,Y
Serena,protagonist,Whimsicott,Whimsicott,Cottonee,Y
Serena,protagonist,Xerneas,Xerneas,Xerneas,Y
Serena,protagonist,Yveltal,Yveltal,Yveltal,Y
Serena,protagonist,Zygarde,Zygarde,Zygarde,Y
Shauna,rival,Bulbasaur,Bulbasaur,Bulbasaur,Y
Shauna,rival,Chesnaught,Chesnaught,Chespin,Y
Shauna,rival,Chespin,Chespin,Chespin,Y
Shauna,rival,Delcatty,Delcatty,Skitty,Y
Shauna,rival,Delphox,Delphox,Fennekin,Y
Shauna,rival,Eevee,Eevee,Eevee,Y
Shauna,rival,Fennekin,Fennekin,Fennekin,Y
Shauna,rival,Flabébé,Flabébé,Flabébé,Y
Shauna,rival,Froakie,Froakie,Froakie,Y
Shauna,rival,Furfrou,Furfrou,Furfrou,Y
Shauna,rival,Goodra,Goodra,Goomy,Y
Shauna,rival,Gothita,Gothita,Gothita,Y
Shauna,rival,Greninja,Greninja,Froakie,Y
Shauna,rival,Ivysaur,Ivysaur,Bulbasaur,Y
Shauna,rival,Klefki,Klefki,Klefki,Y
Shauna,rival,Swirlix,Swirlix,Swirlix,Y
Shauna,rival,Sylveon,Sylveon,Eevee,Y
Shauntal,elite4,Banette,Banette,Shuppet,Y
Shauntal,elite4,Chandelure,Chandelure,Litwick,Y
Shauntal,elite4,Cofagrigus,Cofagrigus,Yamask,Y
Shauntal,elite4,Drifblim,Drifblim,Drifloon,Y
Shauntal,elite4,Froslass,Froslass,Snorunt,Y
Shauntal,elite4,Gengar,Gengar,Gastly,Y
Shauntal,elite4,Golurk,Golurk,Golett,Y
Shauntal,elite4,Jellicent,Jellicent,Frillish,Y
Shauntal,elite4,Mismagius,Mismagius,Misdreavus,Y
Sidney,elite4,Absol,Absol,Absol,Y
Sidney,elite4,Cacturne,Cacturne,Cacnea,Y
Sidney,elite4,Crawdaunt,Crawdaunt,Corphish,Y
Sidney,elite4,Mandibuzz,Mandibuzz,Vullaby,Y
Sidney,elite4,Mightyena,Mightyena,Poochyena,Y
Sidney,elite4,Regirock,Regirock,Regirock,Y
Sidney,elite4,Scrafty,Scrafty,Scraggy,Y
Sidney,elite4,Sharpedo,Sharpedo,Carvanha,Y
Sidney,elite4,Shiftry,Shiftry,Seedot,Y
Sidney,elite4,Zangoose,Zangoose,Zangoose,Y
Sidney,elite4,Zoroark,Zoroark,Zorua,Y
Siebold,elite4,Barbaracle,Barbaracle,Binacle,Y
Siebold,elite4,Blastoise,Blastoise,Squirtle,Y
Siebold,elite4,Clawitzer,Clawitzer,Clauncher,Y
Siebold,elite4,Gyarados,Gyarados,Magikarp,Y
Siebold,elite4,Octillery,Octillery,Remoraid,Y
Siebold,elite4,Starmie,Starmie,Staryu,Y
Silver,rival,Alakazam,Alakazam,Abra,Y
Silver,rival,Bayleef,Bayleef,Chikorita,Y
Silver,rival,Chikorita,Chikorita,Chikorita,Y
Silver,rival,Crobat,Crobat,Zubat,Y
Silver,rival,Croconaw,Croconaw,Totodile,Y
Silver,rival,Cyndaquil,Cyndaquil,Cyndaquil,Y
Silver,rival,Feraligatr,Feraligatr,Totodile,Y
Silver,rival,Gastly,Gastly,Gastly,Y
Silver,rival,Gengar,Gengar,Gastly,Y
Silver,rival,Golbat,Golbat,Zubat,Y
Silver,rival,Haunter,Haunter,Gastly,Y
Silver,rival,Ho-Oh,Ho-Oh,Ho-Oh,Y
Silver,rival,Kadabra,Kadabra,Abra,Y
Silver,rival,Lugia,Lugia,Lugia,Y
Silver,rival,Magnemite,Magnemite,Magnemite,Y
Silver,rival,Magneton,Magneton,Magnemite,Y
Silver,rival,Meganium,Meganium,Chikorita,Y
Silver,rival,Mewtwo,Mewtwo,Mewtwo,Y
Silver,rival,Nidoking,Nidoking,Nidoran♂,Y
Silver,rival,Quilava,Quilava,Cyndaquil,Y
Silver,rival,Sneasel,Sneasel,Sneasel,Y
Silver,rival,Totodile,Totodile,Totodile,Y
Silver,rival,Typhlosion,Typhlosion,Cyndaquil,Y
Silver,rival,Tyranitar,Tyranitar,Larvitar,Y
Silver,rival,Zubat,Zubat,Zubat,Y
Skyla,gymleader,Archeops,Archeops,Archen,Y
Skyla,gymleader,Braviary,Braviary,Rufflet,Y
Skyla,gymleader,Drifblim,Drifblim,Drifloon,Y
Skyla,gymleader,Jumpluff,Jumpluff,Hoppip,Y
Skyla,gymleader,Mandibuzz,Mandibuzz,Vullaby,Y
Skyla,gymleader,Sigilyph,Sigilyph,Sigilyph,Y
Skyla,gymleader,Skarmory,Skarmory,Skarmory,Y
Skyla,gymleader,Swanna,Swanna,Ducklett,Y
Skyla,gymleader,Swoobat,Swoobat,Woobat,Y
Skyla,gymleader,Togekiss,Togekiss,Togepi,Y
Skyla,gymleader,Tornadus,Tornadus,Tornadus,Y
Skyla,gymleader,Tranquill,Tranquill,Pidove,Y
Skyla,gymleader,Unfezant,Unfezant,Pidove,Y
Sonia,professor,Boltund,Boltund,Yamper,Y
Sonia,professor,Corviknight,Corviknight,Rookidee,Y
Sonia,professor,Rookidee,Rookidee,Rookidee,Y
Sonia,professor,Rotom,Rotom,Rotom,Y
Sonia,professor,Tsareena,Tsareena,Bounsweet,Y
Sonia,professor,Yamper,Yamper,Yamper,Y
Sophocles,anime,Charjabug,Charjabug,Grubbin,Y
Sophocles,anime,Electivire,Electivire,Elekid,Y
Sophocles,anime,Elekid,Elekid,Elekid,Y
Sophocles,anime,Geodude,Geodude,Geodude,Y
Sophocles,anime,Golem,Golem,Geodude,Y
Sophocles,anime,Magnemite,Magnemite,Magnemite,Y
Sophocles,anime,Magnezone,Magnezone,Magnemite,Y
Sophocles,anime,Togedemaru,Togedemaru,Togedemaru,Y
Sophocles,anime,Vikavolt,Vikavolt,Grubbin,Y
Spenser,frontier,Arcanine,Arcanine,Growlithe,Y
Spenser,frontier,Azurill,Azurill,Azurill,Y
Spenser,frontier,Chansey,Chansey,Happiny,Y
Spenser,frontier,Claydol,Claydol,Baltoy,Y
Spenser,frontier,Crobat,Crobat,Zubat,Y
Spenser,frontier,Dusclops,Dusclops,Duskull,Y
Spenser,frontier,Lapras,Lapras,Lapras,Y
Spenser,frontier,Shiftry,Shiftry,Seedot,Y
Spenser,frontier,Slaking,Slaking,Slakoth,Y
Spenser,frontier,Suicune,Suicune,Suicune,Y
Spenser,frontier,Venusaur,Venusaur,Bulbasaur,Y
Steven,champion,Aerodactyl,Aerodactyl,Aerodactyl,Y
Steven,champion,Aggron,Aggron,Aron,Y
Steven,champion,Archeops,Archeops,Archen,Y
Steven,champion,Armaldo,Armaldo,Anorith,Y
Steven,champion,Aron,Aron,Aron,Y
Steven,champion,Beldum,Beldum,Beldum,Y
Steven,champion,Carbink,Carbink,Carbink,Y
Steven,champion,Claydol,Claydol,Baltoy,Y
Steven,champion,Cradily,Cradily,Lileep,Y
Steven,champion,Deoxys,Deoxys,Deoxys,Y
Steven,champion,Excadrill,Excadrill,Drilbur,Y
Steven,champion,Metagross,Metagross,Beldum,Y
Steven,champion,Metang,Metang,Beldum,Y
Steven,champion,Mudkip,Mudkip,Mudkip,Y
Steven,champion,Rayquaza,Rayquaza,Rayquaza,Y
Steven,champion,Registeel,Registeel,Registeel,Y
Steven,champion,Sandslash,Sandslash,Sandshrew,Y
Steven,champion,Sceptile,Sceptile,Treecko,Y
Steven,champion,Skarmory,Skarmory,Skarmory,Y
Steven,champion,Stoutland,Stoutland,Lillipup,Y
Steven,champion,Swampert,Swampert,Mudkip,Y
Steven,champion,Torchic,Torchic,Torchic,Y
Steven,champion,Treecko,Treecko,Treecko,Y
Sycamore,professor,Azurill,Azurill,Azurill,Y
Sycamore,professor,Blastoise,Blastoise,Squirtle,Y
Sycamore,professor,Bulbasaur,Bulbasaur,Bulbasaur,Y
Sycamore,professor,Caterpie,Caterpie,Caterpie,Y
Sycamore,professor,Charizard,Charizard,Charmander,Y
Sycamore,professor,Charmander,Charmander,Charmander,Y
Sycamore,professor,Chespin,Chespin,Chespin,Y
Sycamore,professor,Combee,Combee,Combee,Y
Sycamore,professor,Fennekin,Fennekin,Fennekin,Y
Sycamore,professor,Fletchling,Fletchling,Fletchling,Y
Sycamore,professor,Froakie,Froakie,Froakie,Y
Sycamore,professor,Garchomp,Garchomp,Gible,Y
Sycamore,professor,Gogoat,Gogoat,Skiddo,Y
Sycamore,professor,Greninja,Greninja,Froakie,Y
Sycamore,professor,Helioptile,Helioptile,Helioptile,Y
Sycamore,professor,Linoone,Linoone,Zigzagoon,Y
Sycamore,professor,Marill,Marill,Azurill,Y
Sycamore,professor,Psyduck,Psyduck,Psyduck,Y
Sycamore,professor,Scatterbug,Scatterbug,Scatterbug,Y
Sycamore,professor,Squirtle,Squirtle,Squirtle,Y
Sycamore,professor,Venusaur,Venusaur,Bulbasaur,Y
Sycamore,professor,Weedle,Weedle,Weedle,Y
Sycamore,professor,Xerneas,Xerneas,Xerneas,Y
Sycamore,professor,Zigzagoon,Zigzagoon,Zigzagoon,Y
Tate,gymleader,Baltoy,Baltoy,Baltoy,Y
Tate,gymleader,Bronzong,Bronzong,Bronzor,Y
Tate,gymleader,Chimecho,Chimecho,Chingling,Y
Tate,gymleader,Claydol,Claydol,Baltoy,Y
Tate,gymleader,Drowzee,Drowzee,Drowzee,Y
Tate,gymleader,Gallade,Gallade,Ralts,Y
Tate,gymleader,Gardevoir,Gardevoir,Ralts,Y
Tate,gymleader,Grumpig,Grumpig,Spoink,Y
Tate,gymleader,Hypno,Hypno,Drowzee,Y
Tate,gymleader,Jirachi,Jirachi,Jirachi,Y
Tate,gymleader,Reuniclus,Reuniclus,Solosis,Y
Tate,gymleader,Slowking,Slowking,Slowpoke,Y
Tate,gymleader,Slowpoke,Slowpoke,Slowpoke,Y
Tate,gymleader,Solrock,Solrock,Solrock,Y
Tate,gymleader,Spoink,Spoink,Spoink,Y
Tate,gymleader,Xatu,Xatu,Natu,Y
Thorton,frontier,Bronzong,Bronzong,Bronzor,Y
Thorton,frontier,Electivire,Electivire,Elekid,Y
Thorton,frontier,Magnezone,Magnezone,Magnemite,Y
Thorton,frontier,Regigigas,Regigigas,Regigigas,Y
Thorton,frontier,Skarmory,Skarmory,Skarmory,Y
Tobias,anime,Darkrai,Darkrai,Darkrai,Y
Tobias,anime,Latios,Latios,Latios,Y
Tracey,anime,Azurill,Azurill,Azurill,Y
Tracey,anime,Marill,Marill,Azurill,Y
Tracey,anime,Scyther,Scyther,Scyther,Y
Tracey,anime,Venomoth,Venomoth,Venonat,Y
Tracey,anime,Venonat,Venonat,Venonat,Y
Trip,anime,Conkeldurr,Conkeldurr,Timburr,Y
Trip,anime,Frillish,Frillish,Frillish,Y
Trip,anime,Gurdurr,Gurdurr,Timburr,Y
Trip,anime,Jellicent,Jellicent,Frillish,Y
Trip,anime,Lampent,Lampent,Litwick,Y
Trip,anime,Pidove,Pidove,Pidove,Y
Trip,anime,Serperior,Serperior,Snivy,Y
Trip,anime,Servine,Servine,Snivy,Y
Trip,anime,Snivy,Snivy,Snivy,Y
Trip,anime,Timburr,Timburr,Timburr,Y
Trip,anime,Tranquill,Tranquill,Pidove,Y
Trip,anime,Vanillite,Vanillite,Vanillite,Y
Tucker,frontier,Arcanine,Arcanine,Growlithe,Y
Tucker,frontier,Charizard,Charizard,Charmander,Y
Tucker,frontier,Latias,Latias,Latias,Y
Tucker,frontier,Metagross,Metagross,Beldum,Y
Tucker,frontier,Salamence,Salamence,Bagon,Y
Tucker,frontier,Swampert,Swampert,Mudkip,Y
Tulip,gymleader,Delphox,Delphox,Fennekin,Y
Tulip,gymleader,Espathra,Espathra,Flittle,Y
Tulip,gymleader,Farigiraf,Farigiraf,Girafarig,Y
Tulip,gymleader,Flittle,Flittle,Flittle,Y
Tulip,gymleader,Florges,Florges,Flabébé,Y
Tulip,gymleader,Gallade,Gallade,Ralts,Y
Tulip,gymleader,Gardevoir,Gardevoir,Ralts,Y
Turo,professor,IrnValiant,Iron Valiant,Iron Valiant,Y
Turo,professor,Iron Boulder,Iron Boulder,Iron Boulder,Y
Turo,professor,Iron Bundle,Iron Bundle,Iron Bundle,Y
Turo,professor,Iron Crown,Iron Crown,Iron Crown,Y
Turo,professor,Iron Hands,Iron Hands,Iron Hands,Y
Turo,professor,Iron Jugulis,Iron Jugulis,Iron Jugulis,Y
Turo,professor,Iron Leaves,Iron Leaves,Iron Leaves,Y
Turo,professor,Iron Moth,Iron Moth,Iron Moth,Y
Turo,professor,Iron Thorns,Iron Thorns,Iron Thorns,Y
Turo,professor,Iron Treads,Iron Treads,Iron Treads,Y
Turo,professor,Iron Valiant,Iron Valiant,Iron Valiant,Y
Turo,professor,IronBundle,Iron Bundle,Iron Bundle,Y
Turo,professor,IronJuglis,Iron Jugulis,Iron Jugulis,Y
Turo,professor,IronThorns,Iron Thorns,Iron Thorns,Y
Turo,professor,Miraidon,Miraidon,Miraidon,Y
Valerie,gymleader,Mawile,Mawile,Mawile,Y
Valerie,gymleader,Mr. Mime,Mr. Mime,Mime Jr.,Y
Valerie,gymleader,Spritzee,Spritzee,Spritzee,Y
Valerie,gymleader,Sylveon,Sylveon,Eevee,Y
Victor,protagonist,Calyrex,Calyrex,Calyrex,Y
Victor,protagonist,Cinderace,Cinderace,Scorbunny,Y
Victor,protagonist,Eternatus,Eternatus,Eternatus,Y
Victor,protagonist,Glastrier,Glastrier,Glastrier,Y
Victor,protagonist,Greedent,Greedent,Skwovet,Y
Victor,protagonist,Inteleon,Inteleon,Sobble,Y
Victor,protagonist,Kubfu,Kubfu,Kubfu,Y
Victor,protagonist,Rillaboom,Rillaboom,Grookey,Y
Victor,protagonist,Scorbunny,Scorbunny,Scorbunny,Y
Victor,protagonist,Sirfetch'd,Sirfetch’d,Farfetch’d,Y
Victor,protagonist,Spectrier,Spectrier,Spectrier,Y
Victor,protagonist,Urshifu,Urshifu,Kubfu,Y
Viola,gymleader,Masquerain,Masquerain,Surskit,Y
Viola,gymleader,Surskit,Surskit,Surskit,Y
Viola,gymleader,Vivillon,Vivillon,Scatterbug,Y
Volkner,gymleader,Ambipom,Ambipom,Aipom,Y
Volkner,gymleader,Eelektross,Eelektross,Tynamo,Y
Volkner,gymleader,Electivire,Electivire,Elekid,Y
Volkner,gymleader,Electrode,Electrode,Voltorb,Y
Volkner,gymleader,Elekid,Elekid,Elekid,Y
Volkner,gymleader,Flareon,Flareon,Eevee,Y
Volkner,gymleader,Galvantula,Galvantula,Joltik,Y
Volkner,gymleader,Gyarados,Gyarados,Magikarp,Y
Volkner,gymleader,Jolteon,Jolteon,Eevee,Y
Volkner,gymleader,Lanturn,Lanturn,Chinchou,Y
Volkner,gymleader,Luxray,Luxray,Shinx,Y
Volkner,gymleader,Magikarp,Magikarp,Magikarp,Y
Volkner,gymleader,Magnemite,Magnemite,Magnemite,Y
Volkner,gymleader,Magnezone,Magnezone,Magnemite,Y
Volkner,gymleader,Mudkip,Mudkip,Mudkip,Y
Volkner,gymleader,Octillery,Octillery,Remoraid,Y
Volkner,gymleader,Pachirisu,Pachirisu,Pachirisu,Y
Volkner,gymleader,Pelipper,Pelipper,Wingull,Y
Volkner,gymleader,Pikachu,Pikachu,Pichu,Y
Volkner,gymleader,Raichu,Raichu,Pichu,Y
Volkner,gymleader,Rotom,Rotom,Rotom,Y
Volkner,gymleader,Swampert,Swampert,Mudkip,Y
Volkner,gymleader,Zapdos,Zapdos,Zapdos,Y
Volkner,gymleader,Zebstrika,Zebstrika,Blitzle,Y
Volo,villain,Arcanine,Arcanine,Growlithe,Y
Volo,villain,Gabite,Gabite,Gible,Y
Volo,villain,Garchomp,Garchomp,Gible,Y
Volo,villain,Gible,Gible,Gible,Y
Volo,villain,Giratina,Giratina,Giratina,Y
Volo,villain,Growlithe,Growlithe,Growlithe,Y
Volo,villain,Hisuian Arcanine,Arcanine-Hisui,Growlithe,Y
Volo,villain,Lucario,Lucario,Riolu,Y
Volo,villain,Roserade,Roserade,Budew,Y
Volo,villain,Spiritomb,Spiritomb,Spiritomb,Y
Volo,villain,Togekiss,Togekiss,Togepi,Y
Volo,villain,Togepi,Togepi,Togepi,Y
Volo,villain,Togetic,Togetic,Togepi,Y
Wallace,champion,Blacefalon,Blacephalon,Blacephalon,Y
Wallace,champion,Blacephalon,Blacephalon,Blacephalon,Y
Wallace,champion,Clamperl,Clamperl,Clamperl,Y
Wallace,champion,Feebas,Feebas,Feebas,Y
Wallace,champion,Gyarados,Gyarados,Magikarp,Y
Wallace,champion,Ludicolo,Ludicolo,Lotad,Y
Wallace,champion,Luvdisc,Luvdisc,Luvdisc,Y
Wallace,champion,Milotic,Milotic,Feebas,Y
Wallace,champion,Seaking,Seaking,Goldeen,Y
Wallace,champion,Sealeo,Sealeo,Spheal,Y
Wallace,champion,Sharpedo,Sharpedo,Carvanha,Y
Wallace,champion,Starmie,Starmie,Staryu,Y
Wallace,champion,Swampert,Swampert,Mudkip,Y
Wallace,champion,Tentacruel,Tentacruel,Tentacool,Y
Wallace,champion,Wailord,Wailord,Wailmer,Y
Wallace,champion,Walrein,Walrein,Spheal,Y
Wallace,champion,Whiscash,Whiscash,Barboach,Y
Wally,rival,Altaria,Altaria,Swablu,Y
Wally,rival,Azumarill,Azumarill,Azurill,Y
Wally,rival,Delcatty,Delcatty,Skitty,Y
Wally,rival,Gallade,Gallade,Ralts,Y
Wally,rival,Garchomp,Garchomp,Gible,Y
Wally,rival,Gardevoir,Gardevoir,Ralts,Y
Wally,rival,Magneton,Magneton,Magnemite,Y
Wally,rival,Magnezone,Magnezone,Magnemite,Y
Wally,rival,Ralts,Ralts,Ralts,Y
Wally,rival,Roselia,Roselia,Budew,Y
Wally,rival,Roserade,Roserade,Budew,Y
Wally,rival,Talonflame,Talonflame,Fletchling,Y
Wattson,gymleader,Ampharos,Ampharos,Mareep,Y
Wattson,gymleader,Electabuzz,Electabuzz,Elekid,Y
Wattson,gymleader,Electrike,Electrike,Electrike,Y
Wattson,gymleader,Electrode,Electrode,Voltorb,Y
Wattson,gymleader,Flaaffy,Flaaffy,Mareep,Y
Wattson,gymleader,Magnemite,Magnemite,Magnemite,Y
Wattson,gymleader,Magneton,Magneton,Magnemite,Y
Wattson,gymleader,Magnezone,Magnezone,Magnemite,Y
Wattson,gymleader,Manectric,Manectric,Electrike,Y
Wattson,gymleader,Mareep,Mareep,Mareep,Y
Wattson,gymleader,Minun,Minun,Minun,Y
Wattson,gymleader,Pikachu,Pikachu,Pichu,Y
Wattson,gymleader,Plusle,Plusle,Plusle,Y
Wattson,gymleader,Raichu,Raichu,Pichu,Y
Wattson,gymleader,Rotom,Rotom,Rotom,Y
Wattson,gymleader,Voltorb,Voltorb,Voltorb,Y
Whitney,gymleader,Ambipom,Ambipom,Aipom,Y
Whitney,gymleader,Bibarel,Bibarel,Bidoof,Y
Whitney,gymleader,Blissey,Blissey,Happiny,Y
Whitney,gymleader,Cinccino,Cinccino,Minccino,Y
Whitney,gymleader,Clefable,Clefable,Cleffa,Y
Whitney,gymleader,Clefairy,Clefairy,Cleffa,Y
Whitney,gymleader,Cleffa,Cleffa,Cleffa,Y
Whitney,gymleader,Delcatty,Delcatty,Skitty,Y
Whitney,gymleader,Ditto,Ditto,Ditto,Y
Whitney,gymleader,Dodrio,Dodrio,Doduo,Y
Whitney,gymleader,Donphan,Donphan,Phanpy,Y
Whitney,gymleader,Girafarig,Girafarig,Girafarig,Y
Whitney,gymleader,Gloom,Gloom,Oddish,Y
Whitney,gymleader,Golduck,Golduck,Psyduck,Y
Whitney,gymleader,Igglybuff,Igglybuff,Igglybuff,Y
Whitney,gymleader,Lickilicky,Lickilicky,Lickitung,Y
Whitney,gymleader,Lopunny,Lopunny,Buneary,Y
Whitney,gymleader,Magby,Magby,Magby,Y
Whitney,gymleader,Miltank,Miltank,Miltank,Y
Whitney,gymleader,Mr. Mime,Mr. Mime,Mime Jr.,Y
Whitney,gymleader,Nidorina,Nidorina,Nidoran♀,Y
Whitney,gymleader,Persian,Persian,Meowth,Y
Whitney,gymleader,Psyduck,Psyduck,Psyduck,Y
Whitney,gymleader,Sawsbuck,Sawsbuck,Deerling,Y
Whitney,gymleader,Smeargle,Smeargle,Smeargle,Y
Whitney,gymleader,Stantler,Stantler,Stantler,Y
Whitney,gymleader,Tauros,Tauros,Tauros,Y
Whitney,gymleader,Ursaring,Ursaring,Teddiursa,Y
Whitney,gymleader,Watchog,Watchog,Patrat,Y
Whitney,gymleader,Wigglytuff,Wigglytuff,Igglybuff,Y
Wikstrom,elite4,Aegislash,Aegislash-Shield,Honedge,Y
Wikstrom,elite4,Dedenne,Dedenne,Dedenne,Y
Wikstrom,elite4,Escavalier,Escavalier,Karrablast,Y
Wikstrom,elite4,Honedge,Honedge,Honedge,Y
Wikstrom,elite4,Klefki,Klefki,Klefki,Y
Wikstrom,elite4,Litwick,Litwick,Litwick,Y
Wikstrom,elite4,Probopass,Probopass,Nosepass,Y
Wikstrom,elite4,Scizor,Scizor,Scyther,Y
Wikstrom,elite4,Scyther,Scyther,Scyther,Y
Will,elite4,Bronzong,Bronzong,Bronzor,Y
Will,elite4,Chansey,Chansey,Happiny,Y
Will,elite4,Clefable,Clefable,Cleffa,Y
Will,elite4,Clefairy,Clefairy,Cleffa,Y
Will,elite4,Electabuzz,Electabuzz,Elekid,Y
Will,elite4,Exeggutor,Exeggutor,Exeggcute,Y
Will,elite4,Flareon,Flareon,Eevee,Y
Will,elite4,Gardevoir,Gardevoir,Ralts,Y
Will,elite4,Girafarig,Girafarig,Girafarig,Y
Will,elite4,Grumpig,Grumpig,Spoink,Y
Will,elite4,Hypno,Hypno,Drowzee,Y
Will,elite4,Jynx,Jynx,Smoochum,Y
Will,elite4,Kadabra,Kadabra,Abra,Y
Will,elite4,Mantine,Mantine,Mantyke,Y
Will,elite4,Natu,Natu,Natu,Y
Will,elite4,Slowbro,Slowbro,Slowpoke,Y
Will,elite4,Xatu,Xatu,Natu,Y
Winona,gymleader,Altaria,Altaria,Swablu,Y
Winona,gymleader,Beautifly,Beautifly,Wurmple,Y
Winona,gymleader,Dragonair,Dragonair,Dratini,Y
Winona,gymleader,Dragonite,Dragonite,Dratini,Y
Winona,gymleader,Dratini,Dratini,Dratini,Y
Winona,gymleader,Gyarados,Gyarados,Magikarp,Y
Winona,gymleader,Honchkrow,Honchkrow,Murkrow,Y
Winona,gymleader,Hoothoot,Hoothoot,Hoothoot,Y
Winona,gymleader,Masquerain,Masquerain,Surskit,Y
Winona,gymleader,Noctowl,Noctowl,Hoothoot,Y
Winona,gymleader,Pelipper,Pelipper,Wingull,Y
Winona,gymleader,Rayquaza,Rayquaza,Rayquaza,Y
Winona,gymleader,Sigilyph,Sigilyph,Sigilyph,Y
Winona,gymleader,Skarmory,Skarmory,Skarmory,Y
Winona,gymleader,Swablu,Swablu,Swablu,Y
Winona,gymleader,Swellow,Swellow,Taillow,Y
Winona,gymleader,Tropius,Tropius,Tropius,Y
Wulfric,gymleader,Abomasnow,Abomasnow,Snover,Y
Wulfric,gymleader,Avalugg,Avalugg,Bergmite,Y
Wulfric,gymleader,Bergmite,Bergmite,Bergmite,Y
Wulfric,gymleader,Cryogonal,Cryogonal,Cryogonal,Y
Zisu,galaxy,Ambipom,Ambipom,Aipom,Y
Zisu,galaxy,Drifblim,Drifblim,Drifloon,Y
Zisu,galaxy,Hisuian Zoroark,Zoroark-Hisui,Zorua,Y
Zisu,galaxy,Honchkrow,Honchkrow,Murkrow,Y
Zisu,galaxy,Infernape,Infernape,Chimchar,Y
Zisu,galaxy,Lopunny,Lopunny,Buneary,Y
Zisu,galaxy,Luxray,Luxray,Shinx,Y
Zisu,galaxy,Rapidash,Rapidash,Ponyta,Y
Zisu,galaxy,Steelix,Steelix,Onix,Y
Zisu,galaxy,Zorua,Zorua,Zorua,Y
Zoey,anime,Finneon,Finneon,Finneon,Y
Zoey,anime,Gallade,Gallade,Ralts,Y
Zoey,anime,Gastrodon,Gastrodon,Shellos,Y
Zoey,anime,Glameow,Glameow,Glameow,Y
Zoey,anime,Kirlia,Kirlia,Ralts,Y
Zoey,anime,Leafeon,Leafeon,Eevee,Y
Zoey,anime,Lumineon,Lumineon,Finneon,Y
Zoey,anime,Misdreavus,Misdreavus,Misdreavus,Y
Zoey,anime,Mismagius,Mismagius,Misdreavus,Y
Zoey,anime,Shellos,Shellos,Shellos,Y
